/*
Navicat MySQL Data Transfer

Source Server         : aaaadmin
Source Server Version : 50610
Source Host           : 127.0.0.1:3306
Source Database       : crowdfounding

Target Server Type    : MYSQL
Target Server Version : 50610
File Encoding         : 65001

Date: 2018-01-18 17:14:30
*/

SET FOREIGN_KEY_CHECKS=0;

-- ----------------------------
-- Table structure for comment
-- ----------------------------
DROP TABLE IF EXISTS `comment`;
CREATE TABLE `comment` (
  `id` int(10) NOT NULL AUTO_INCREMENT COMMENT '评论id主键',
  `project` int(10) DEFAULT NULL COMMENT '项目id',
  `user_id` int(10) DEFAULT NULL COMMENT '用户id',
  `content` varchar(200) COLLATE utf8_bin DEFAULT NULL COMMENT '评论内容',
  `time` datetime DEFAULT NULL COMMENT '评论时间',
  PRIMARY KEY (`id`)
) ENGINE=InnoDB AUTO_INCREMENT=66 DEFAULT CHARSET=utf8 COLLATE=utf8_bin ROW_FORMAT=COMPACT;

-- ----------------------------
-- Records of comment
-- ----------------------------
INSERT INTO `comment` VALUES ('13', '1', '1', '1111', null);
INSERT INTO `comment` VALUES ('15', '9', '13', 'jdfasdjflsadkfjasdjfasodifjoiå·²UFOifå¦å·å°±ä¼é®å·æ¥åæé¥¿å¦åè´§ç©ºæéä½åå®¶åä»¥åè¦å¶ ', null);
INSERT INTO `comment` VALUES ('16', '13', '13', 'dwerwqerqwrqw qrq ', null);
INSERT INTO `comment` VALUES ('18', '13', '13', 'werewrewrqwer weqr wqer qwe qe rqew rqwe rqewr wqer wqerqwerqwerqw', null);
INSERT INTO `comment` VALUES ('19', '13', '13', '范围分为非千分位范文芳武器二文峰区我放弃 废物发起', null);
INSERT INTO `comment` VALUES ('20', '8', '13', '付费夫妻额却无法王企鹅 ', null);
INSERT INTO `comment` VALUES ('21', '8', '18', '打发付费打发顺风顺水', null);
INSERT INTO `comment` VALUES ('22', '9', '7', '谁发的所发生的发送到付费说的阿发啊阿道夫', null);
INSERT INTO `comment` VALUES ('23', '8', '7', '121465465465465465565465', null);
INSERT INTO `comment` VALUES ('30', '13', '13', '大叔大婶代发时大法师啊搜房网啊发发发啊哦啊', null);
INSERT INTO `comment` VALUES ('31', '13', '13', '大叔大婶代发时大法师啊搜房网啊发发发啊哦啊', null);
INSERT INTO `comment` VALUES ('32', '13', '13', '222222222', null);
INSERT INTO `comment` VALUES ('41', '9', '13', '范德萨发士大夫撒地方我去发', null);
INSERT INTO `comment` VALUES ('42', '9', '13', '范德萨发士大夫撒地方我去发啊第三方第三方无法欺负 ', null);
INSERT INTO `comment` VALUES ('43', '9', '13', '范德萨发士大夫撒地方我去发啊第三方第三方无法欺负 范德萨发啊物权法', null);
INSERT INTO `comment` VALUES ('44', '8', '13', '自行车现场我去而非', null);
INSERT INTO `comment` VALUES ('45', '8', '13', '自行车现场我去而非无法我去', null);
INSERT INTO `comment` VALUES ('58', '9', '23', '测试一下啊  能不能', null);
INSERT INTO `comment` VALUES ('59', '8', '27', '454545', null);
INSERT INTO `comment` VALUES ('60', '13', '27', '而外国人为个人', null);
INSERT INTO `comment` VALUES ('61', '111', '27', '1111', null);
INSERT INTO `comment` VALUES ('62', '9', '27', '454545454', null);
INSERT INTO `comment` VALUES ('63', '9', '30', '234242', null);
INSERT INTO `comment` VALUES ('64', '9', '30', '沃尔沃而无群若无', null);
INSERT INTO `comment` VALUES ('65', '210', '30', '11111号', null);

-- ----------------------------
-- Table structure for initiator_companyinfo
-- ----------------------------
DROP TABLE IF EXISTS `initiator_companyinfo`;
CREATE TABLE `initiator_companyinfo` (
  `id` int(10) NOT NULL AUTO_INCREMENT,
  `project` int(10) NOT NULL,
  `firmName` varchar(50) COLLATE utf8_bin DEFAULT NULL,
  `businessNumber` varchar(100) COLLATE utf8_bin DEFAULT NULL,
  `slanderName` varchar(30) COLLATE utf8_bin DEFAULT NULL,
  `address` varchar(200) COLLATE utf8_bin DEFAULT NULL,
  `contactName` varchar(50) COLLATE utf8_bin DEFAULT NULL,
  `contactPhone` varchar(50) COLLATE utf8_bin DEFAULT NULL,
  `licenesPic` varchar(100) COLLATE utf8_bin DEFAULT NULL,
  `registeredNumPic` varchar(100) COLLATE utf8_bin DEFAULT NULL,
  `taxPig` varchar(100) COLLATE utf8_bin DEFAULT NULL,
  PRIMARY KEY (`id`,`project`)
) ENGINE=InnoDB DEFAULT CHARSET=utf8 COLLATE=utf8_bin;

-- ----------------------------
-- Records of initiator_companyinfo
-- ----------------------------

-- ----------------------------
-- Table structure for initiator_personinfo
-- ----------------------------
DROP TABLE IF EXISTS `initiator_personinfo`;
CREATE TABLE `initiator_personinfo` (
  `id` int(10) unsigned zerofill NOT NULL AUTO_INCREMENT,
  `project` int(10) NOT NULL,
  `name` varchar(30) COLLATE utf8_bin DEFAULT NULL,
  `IDnumber` varchar(50) COLLATE utf8_bin DEFAULT NULL,
  `phone` varchar(30) COLLATE utf8_bin DEFAULT NULL,
  `address` varchar(200) COLLATE utf8_bin DEFAULT NULL,
  `IDpicFace` varchar(200) COLLATE utf8_bin DEFAULT NULL,
  `IDpicInverse` varchar(200) COLLATE utf8_bin DEFAULT NULL,
  PRIMARY KEY (`id`,`project`),
  KEY `foreignkey1` (`project`)
) ENGINE=InnoDB AUTO_INCREMENT=55 DEFAULT CHARSET=utf8 COLLATE=utf8_bin;

-- ----------------------------
-- Records of initiator_personinfo
-- ----------------------------
INSERT INTO `initiator_personinfo` VALUES ('0000000048', '201', '渠急急急', '150121199503207232', '1324459373', null, '/CrowdFounding/img/project/IDphoto/ef0164cf-2c05-48a5-9aa6-b8a7c62e62d7.jpg', null);
INSERT INTO `initiator_personinfo` VALUES ('0000000049', '209', 'eekdsjhf', '45465465', '1212546545', null, '/CrowdFounding/img/project/IDphoto/d7d44e8f-269c-49b8-8f34-49208eb5a60f.jpg', '/CrowdFounding/img/project/IDphoto/d7d44e8f-269c-49b8-8f34-49208eb5a60f.jpg');
INSERT INTO `initiator_personinfo` VALUES ('0000000050', '210', '渠海龙', '150122665656565', '44645', null, '/CrowdFounding/img/project/IDphoto/0cfc2d91-ae27-4347-aaf7-638593a19776.jpg', '/CrowdFounding/img/project/IDphoto/0cfc2d91-ae27-4347-aaf7-638593a19776.jpg');
INSERT INTO `initiator_personinfo` VALUES ('0000000054', '214', '青海湖', '56454', '11212', null, '/CrowdFounding/img/project/IDphoto/109b5ecb-f598-47e8-a2de-ff830f31a49d.jpg', '/CrowdFounding/img/project/IDphoto/ee70efc2-fcc9-4efe-a7c8-1ea4c4bc2f67.jpg');

-- ----------------------------
-- Table structure for porder
-- ----------------------------
DROP TABLE IF EXISTS `porder`;
CREATE TABLE `porder` (
  `id` int(10) NOT NULL AUTO_INCREMENT COMMENT '订单idz主键',
  `project` int(10) NOT NULL COMMENT '项目id',
  `user` int(10) NOT NULL COMMENT '下单用户',
  `projectrepay` int(10) NOT NULL COMMENT '回报id',
  `count` int(3) DEFAULT NULL COMMENT '回报份数',
  `is_pay` int(1) DEFAULT '0' COMMENT '是否支付',
  `is_send` int(1) DEFAULT '0' COMMENT '是否发货',
  `order_date` datetime DEFAULT NULL COMMENT '创建时间',
  `receive_information` int(10) DEFAULT NULL,
  `user_seller` int(10) DEFAULT NULL COMMENT '卖家id',
  `pay_time` datetime DEFAULT NULL COMMENT '支付时间',
  `payPrice` float(10,0) DEFAULT '0' COMMENT '支付金额',
  `yxbz` int(1) DEFAULT '1' COMMENT '订单有效标志  1:有效  0：无效',
  PRIMARY KEY (`id`)
) ENGINE=InnoDB AUTO_INCREMENT=34 DEFAULT CHARSET=utf8 COLLATE=utf8_bin;

-- ----------------------------
-- Records of porder
-- ----------------------------
INSERT INTO `porder` VALUES ('10', '183', '30', '147', '3', '1', '0', '2017-10-09 11:22:14', '8', '30', '2017-10-09 11:22:14', '200', '1');
INSERT INTO `porder` VALUES ('11', '8', '30', '114', '2', '0', '0', '2017-10-09 05:20:46', '9', '30', '2017-10-09 11:22:14', '300', '1');
INSERT INTO `porder` VALUES ('12', '9', '30', '107', '4', '0', '0', '2017-10-09 05:27:52', '10', '30', '2017-10-09 11:22:14', '500', '1');
INSERT INTO `porder` VALUES ('29', '210', '30', '186', '1', '1', '0', '2018-01-03 03:41:59', '20', '30', null, '30', '1');
INSERT INTO `porder` VALUES ('30', '210', '30', '186', '201', '1', '0', '2018-01-10 06:48:02', '13', '30', null, '6030', '1');
INSERT INTO `porder` VALUES ('33', '214', '34', '192', '4', '1', '0', '2018-01-12 03:33:19', '23', '35', null, '800', '1');

-- ----------------------------
-- Table structure for project
-- ----------------------------
DROP TABLE IF EXISTS `project`;
CREATE TABLE `project` (
  `project_id` int(10) NOT NULL AUTO_INCREMENT COMMENT '项目产品主键id',
  `title` varchar(50) COLLATE utf8_bin DEFAULT NULL,
  `blurb` varchar(200) COLLATE utf8_bin DEFAULT NULL,
  `img_name` varchar(200) COLLATE utf8_bin DEFAULT NULL,
  `total_fund_raising` int(10) DEFAULT '0',
  `has_fund_raising` int(10) DEFAULT '0',
  `user_id` int(10) DEFAULT NULL,
  `category_id` int(10) DEFAULT NULL,
  `launch_date_raising` datetime DEFAULT NULL,
  `days_raising` int(3) DEFAULT NULL,
  `is_finish` int(1) DEFAULT '0' COMMENT '项目状态 0：进行中  -1：集资失败 1：成功',
  `is_audits` int(1) DEFAULT '0' COMMENT '-1:审核不通过 0:未审核 1:审核通过',
  `is_index` int(1) DEFAULT '0' COMMENT '是否首页展示',
  `shenfen` varchar(4) COLLATE utf8_bin DEFAULT NULL,
  `onlineDate` datetime DEFAULT NULL COMMENT '上线时间，审核通过后即上线',
  `is_settlement` int(1) DEFAULT '-1' COMMENT '结算状态    -1：不可结算 0：未结算  1：已结算',
  PRIMARY KEY (`project_id`)
) ENGINE=InnoDB AUTO_INCREMENT=215 DEFAULT CHARSET=utf8 COLLATE=utf8_bin;

-- ----------------------------
-- Records of project
-- ----------------------------
INSERT INTO `project` VALUES ('1', '【扎西德勒】买正宗西藏原生态特产 帮助藏族同胞摆脱贫困', '我公司与西藏朱拉乡人民政府签订合同，以西藏特产为回报发起网络众筹，帮助朱拉乡老弱病残等无劳动能力的贫困藏族同胞脱贫', 'img/project/shoutu/1.jpg', '50000', '800', '30', '1', '2017-10-24 15:53:00', '22', '0', '1', '1', '个人', null, '1');
INSERT INTO `project` VALUES ('2', '蜜韵丛生，品味不一般的「单丛红茶」', '好茶暖胃亦暖心', 'img/project/shoutu/2.jpg', '1000', '800', '30', '1', '2016-11-02 00:00:00', '17', '1', '1', '1', '个人', null, '1');
INSERT INTO `project` VALUES ('3', '一书一世界：听李燕、徐德亮聊你不知道的齐白石与李苦禅', '《李燕聊齐白石》《李燕聊李苦禅》新书众筹。', 'img/project/shoutu/3.jpg', '20000', '800', '30', '3', '2016-10-02 00:00:00', '15', '0', '1', '1', '个人', null, '1');
INSERT INTO `project` VALUES ('4', '“尚德红桔”的味道，初恋的味道。', '1、解决我镇桔农往年滞销的难题。2、把我们最优质，口感最纯正的“尚德红桔”带到大家面前。3、给部分贫困户家庭来来一定的收入，贴补家用。', 'img/project/shoutu/4.png', '5000', '800', '30', '2', '2016-05-05 00:00:00', '12', '0', '1', '1', '个人', null, '1');
INSERT INTO `project` VALUES ('5', '社创少年的倾听者手环，助家庭顺畅沟通！', '众筹费用用于设计制作手环套装，设计和印刷彩铅绘本，让每个家庭更好地运用手环，体会到沟通和理解的欢乐！', 'img/project/shoutu/5.jpg', '30000', '800', '30', '2', '2016-12-14 00:00:00', '25', '0', '1', '1', '个人', null, '1');
INSERT INTO `project` VALUES ('6', '给山里的孩子一个足球梦', '虽然放学后他们可以上山爬树摘果、下水游泳捉蛇，但当听说有足球可踢时，他们都期待不已，传遍了山间的小伙伴。我们想众筹一支球队，在南太小学建立', 'img/project/shoutu/6.jpg', '21200', '800', '30', '2', '2016-01-12 00:00:00', '20', '0', '1', '1', '个人', null, '1');
INSERT INTO `project` VALUES ('7', '你是啥样的大米？一亩才产300斤', '优质珍稀米“小红稻”是安徽省无为县上世纪七十年代前种植的双季晚稻品种，具有千年历史。', 'img/project/shoutu/7.png', '50000', '800', '30', '1', '2016-03-15 00:00:00', '20', '0', '1', '1', '个人', null, '1');
INSERT INTO `project` VALUES ('8', '嗯！是甜过初恋的味道', '陕西延长县，优质苹果基地县，所产苹果个大、色艳、细脆、香甜，如今苹果丰收，却无商家上门，痛心。', 'img/project/shoutu/8.jpg', '10000', '800', '30', '1', '2016-05-15 00:00:00', '20', '0', '1', '1', '个人', null, '1');
INSERT INTO `project` VALUES ('9', '《永远20》，我们的NBA，我们的青春集结令', '杨毅讲述的NBA，比你了解的更精彩！ 支持著名体育媒体人杨毅新作《永远20，我们的NBA》，加入侃球俱乐部与体育大V一起high~', 'img/project/shoutu/9.jpg', '30000', '800', '30', '3', '2015-12-12 00:00:00', '50', '1', '1', '1', '个人', null, '1');
INSERT INTO `project` VALUES ('10', '《但见群山默》：用18个深山密林你闻所未闻的故事读懂火箭兵', '用400多页纸近30万字合成18个故事，让您读懂用青春和鲜血守卫国运和国魂的火箭兵，理解了他们，或许就更懂得我们的青春应当安放何处。', 'img/project/shoutu/10.jpg', '15000', '800', '30', '3', '2016-12-10 00:00:00', '10', '0', '1', '1', '个人', null, '1');
INSERT INTO `project` VALUES ('11', '“放学别走！”｜枕头大战约定你', '放下面具，释放压力，让心情与鹅毛一起飞舞，你准备好了么？', 'img/project/shoutu/11.jpg', '3800', '800', '30', '4', '2016-12-01 00:00:00', '10', '0', '1', '1', '个人', null, '1');
INSERT INTO `project` VALUES ('12', '《你好，叁色！》', '为了更好的完成这部影片，希望通过贵平台的帮助，助力我们为中国电影尽一份力！', 'img/project/shoutu/12.jpg', '500000', '800', '30', '4', '2016-07-15 00:00:00', '15', '0', '1', '1', '个人', null, '1');
INSERT INTO `project` VALUES ('13', '纪录片《城市深处》拍摄经费筹备', '纪录片《城市深处》拍摄众筹。', 'img/project/shoutu/13.jpg', '39170', '800', '30', '4', '2016-02-01 00:00:00', '50', '0', '1', '1', '个人', null, '1');
INSERT INTO `project` VALUES ('14', '倾城之恋！抢救老洋房里的“上海滩”传奇', '花园洋房是上海最经典的住宅。作为中国首部老建筑纪录片，我们将走进上海老洋房，追忆歌舞升平、风华绝代的上海滩。希望能得到您的支持！', 'img/project/shoutu/14.jpg', '300000', '800', '30', '5', '2016-07-18 00:00:00', '60', '0', '1', '1', '个人', null, '1');
INSERT INTO `project` VALUES ('15', '皇上，臣在这儿', '北京作为一个拥有三千多年建城史和八百五十多年建都史的古老城市，其特有的皇家文化结合现代文化创作出不同感觉的纪念品。', 'img/project/shoutu/15.jpg', '66000', '800', '30', '5', '2016-02-16 00:00:00', '60', '0', '1', '1', '个人', null, '1');
INSERT INTO `project` VALUES ('16', '一个“农民”引发的史诗，乔家大院有话要说', '乔家大院是中国北方汉民族民居的典范。作为中国首部老建筑纪录片，我们将走进乔家大院，感受晋商文化。希望能得到您的支持！', 'img/project/shoutu/16.jpg', '300000', '800', '30', '5', '2016-06-15 00:00:00', '50', '0', '1', '1', '个人', null, '1');
INSERT INTO `project` VALUES ('115', '科技助力农业生产，让安心粮走向千家万户', '借助各方资源和团队的力量，以“将军湾生态农场”为推广案例，帮助更多农户，建设高标准、高科技的生产基地，让科技精准助力农业生产，让安心粮走向千家万户。', 'img/project/shoutu/5621effd-08c8-4dc2-93a7-b86c03ec0f6d.jpg', '20000', '800', '30', '2', '2017-01-04 04:32:42', '50', null, '1', '0', '个人', null, '1');
INSERT INTO `project` VALUES ('183', '寻访中国变革的亲历者——“听说”民间口述历史计划', '', 'img/project/shoutu/36d08904-e1e1-4987-b5a7-b15a160f0948.jpg', '1500', '800', '30', '1', '2017-10-09 09:10:55', '30', null, '0', '0', '个人', null, '-1');
INSERT INTO `project` VALUES ('201', '《70岁的旅行箱》花甲老人的环球梦', '圆梦花甲之年，39国、300座城、20万公里，背包、列车和花朵，去遇见属于自己的“诗和远方”。', '/CrowdFounding/img/project/shoutu/20578b45-fe2c-4840-a59b-5ab21a356da8.jpg', '25000', '800', '30', '3', '2017-12-29 19:26:09', '100', '0', '1', '0', '个人', null, '-1');
INSERT INTO `project` VALUES ('209', '45646546546', 'huihjfashdjfhkjh函数将卡的很疯狂吉安市', '/CrowdFounding/img/project/shoutu/e3bc9a29-b2cf-460c-8b31-fe0ceb07a7f7.jpg', '1000', '800', '30', '2', '2017-12-29 20:56:06', '10', '0', '1', '0', '个人', null, '-1');
INSERT INTO `project` VALUES ('210', ' 神奇滑板-人站上去就会滑行且可360度旋转的欢灵滑板', '把这款好玩有趣实用的欢灵滑板宣传推广出去，希望获得大众的认可。', '/CrowdFounding/img/project/shoutu/1b113a2e-8724-41d4-b100-b2984c5fae19.jpg', '5000', '800', '30', '6', '2017-12-30 12:35:00', '100', '0', '1', '0', '个人', null, '-1');
INSERT INTO `project` VALUES ('212', '4545', '45454', '/CrowdFounding/img/project/shoutu/8b32e4f8-fca0-4d1f-bf1b-ce72e1d91bbf.jpg', '100', '800', '30', '1', '2018-01-11 19:09:33', '101', '0', '0', '0', '个人', null, '-1');
INSERT INTO `project` VALUES ('214', '筹拍微电影——河流', '一群对表演非常热爱的人，他们非常渴望能够拍一部较为励志的微电影。我们虽然没有专业，但有一颗追求梦想的心！', '/CrowdFounding/img/project/shoutu/bc1de73c-5352-4ee6-af9f-48c965192cfe.jpg', '2000', '800', '35', '4', '2018-01-12 15:31:11', '50', '0', '1', '0', '个人', null, '-1');

-- ----------------------------
-- Table structure for projectcategory
-- ----------------------------
DROP TABLE IF EXISTS `projectcategory`;
CREATE TABLE `projectcategory` (
  `id` int(10) NOT NULL,
  `category_name` varchar(10) COLLATE utf8_bin DEFAULT NULL,
  `note` varchar(50) COLLATE utf8_bin DEFAULT NULL,
  `create_date` datetime DEFAULT NULL,
  `change_date` datetime DEFAULT NULL,
  `change_person` varchar(10) COLLATE utf8_bin DEFAULT NULL,
  PRIMARY KEY (`id`)
) ENGINE=InnoDB DEFAULT CHARSET=utf8 COLLATE=utf8_bin;

-- ----------------------------
-- Records of projectcategory
-- ----------------------------
INSERT INTO `projectcategory` VALUES ('1', '公益', '没有回报', '2016-11-21 00:00:00', '2016-11-21 00:00:00', 'admin');
INSERT INTO `projectcategory` VALUES ('2', '农业', '农业', '2016-11-21 00:00:00', '2016-11-21 00:00:00', 'admin');
INSERT INTO `projectcategory` VALUES ('3', '出版', '出版', '2016-11-21 00:00:00', '2016-11-21 00:00:00', 'admin');
INSERT INTO `projectcategory` VALUES ('4', '艺术', '艺术', '2016-11-21 00:00:00', '2016-11-21 00:00:00', 'admin');
INSERT INTO `projectcategory` VALUES ('5', '娱乐', '娱乐', '2016-11-21 00:00:00', '2016-11-21 00:00:00', 'admin');
INSERT INTO `projectcategory` VALUES ('6', '其他', '其他类型', '2016-11-21 00:00:00', '2016-11-21 00:00:00', 'admin');

-- ----------------------------
-- Table structure for projectrepay
-- ----------------------------
DROP TABLE IF EXISTS `projectrepay`;
CREATE TABLE `projectrepay` (
  `id` int(10) NOT NULL AUTO_INCREMENT COMMENT '回报id',
  `project_id` int(10) NOT NULL COMMENT '项目id',
  `paytitle` varchar(100) COLLATE utf8_bin DEFAULT NULL COMMENT '回报标题',
  `paycontent` varchar(500) COLLATE utf8_bin DEFAULT NULL COMMENT '回报内容',
  `type` varchar(4) COLLATE utf8_bin DEFAULT NULL COMMENT '回报类型',
  `time` int(4) DEFAULT NULL COMMENT '回报时间',
  `money` int(5) NOT NULL COMMENT '回报金额',
  PRIMARY KEY (`id`)
) ENGINE=InnoDB AUTO_INCREMENT=193 DEFAULT CHARSET=utf8 COLLATE=utf8_bin;

-- ----------------------------
-- Records of projectrepay
-- ----------------------------
INSERT INTO `projectrepay` VALUES ('107', '9', '您将获得：', '杨毅亲笔签名图书《永远20》一本\r\n（原价69.8）\r\n现众筹超值价69随赠签名', '实物', '20', '60');
INSERT INTO `projectrepay` VALUES ('108', '9', '您将获得：', '1）杨毅亲笔签名图书《永远20》一本\r\n注意：如果邮寄地址所留姓名不是您本人，请在备注中注明您本人的姓名，以便杨老师在签名时能写下您的名字（仅限支持200用户有效）。否则，杨老师将按照邮件地址所留姓名进行签署。\r\n\r\n2）成为侃球俱乐部VIP会员。成为会员后，您将享受如下权益： \r\n1、受邀加入侃球俱乐部VIP会员互动交流微信群\r\n2、获得侃球俱乐部签约体育名人的最新信息动态（如，杨毅、马布里、小姨妈、柯凡等） \r\n3、获得侃球俱乐部数字媒体产品福利（如，杨毅《永远20年》主题演讲独家数字剪辑版，名人讲段子等）\r\n4、优先获得侃球俱乐部组织的名人见面会的信息通知以及VIP折扣\r\n5、享受侃球俱乐部衍生产品（实体+虚拟）的VIP折扣价\r\n\r\n3）VIP会员获取办法：\r\n\r\n1、支持200元档位（注：支持5元、69元无法成为VIP会员）\r\n2、截屏带有个人信息的支付成功页面\r\n3、扫描下方二维码，或加工作人员（微信号：feng3bai1979）为好友\r\n4、待好友通过之后，提供截屏画面\r\n5、审核通过后，自动成为VIP会员并受邀进入VIP互动交流群', '实物', '20', '200');
INSERT INTO `projectrepay` VALUES ('109', '9', '您将获得：', '1）杨毅亲笔签名图书《永远20》一本\r\n2）侃球俱乐部VIP会员权益（请扫描识别二维码，加我们的工作人员为好友，按引导入群）\r\n3）到北京与作者见面（包食宿，路费自理）\r\n4）杨毅带你参观节目演播间\r\n5）与杨毅、知名主播柯凡、小姨妈等共进晚餐，畅谈NBA话题\r\n6）与杨毅以及大V打一场篮球赛\r\n识别管理员二维码，获准加入《侃球俱乐部》VIP会员通道', null, '20', '4999');
INSERT INTO `projectrepay` VALUES ('110', '4', '12只精装“尚德红桔”礼盒一盒', '为了感谢您对我们团队的支持和对电商扶贫事业的热爱，支持22元即可得到：\r\n1、12只精装“尚德红桔”礼盒一盒\r\n2、尚德镇电商扶贫创业团队名片一张', null, '23', '22');
INSERT INTO `projectrepay` VALUES ('111', '4', '4斤礼盒装“尚德红桔”一盒（只限文县城内）', '为了感谢您对我们团队的大力支持和对电商扶贫事业的热爱，支持24元即可得到：\r\n1、4斤礼盒装“尚德红桔”一盒\r\n2、尚德镇电商扶贫创业团队名片一张\r\n3、团队成员写的亲笔信一份\r\n备注：该回报只限文县城内', null, '32', '24');
INSERT INTO `projectrepay` VALUES ('112', '4', '6斤礼盒装“尚德红桔”一盒（只限文县城内）', '为了感谢您对我们团队的大力支持和对电商扶贫事业的热爱，支持32元即可得到：\r\n1、6斤礼盒装“尚德红桔”一盒\r\n2、尚德镇电商扶贫创业团队名片一张\r\n3、团队成员写的亲笔信一份\r\n备注：该回报只限文县城内', null, '15', '32');
INSERT INTO `projectrepay` VALUES ('113', '4', '12只精装“尚德红桔”礼盒三盒', '为了感谢您对我们团队的大力支持和对电商扶贫事业的热爱，支持64元即可得到：\r\n1、12只精装“尚德红桔”礼盒三盒\r\n2、尚德镇电商扶贫创业团队名片一张\r\n3、团队成员写的亲笔信一份', null, '15', '64');
INSERT INTO `projectrepay` VALUES ('114', '8', '迷你栖霞小苹果70#', '迷你栖霞小苹果70#苹果5斤！一个苹果2两！', null, '0', '20');
INSERT INTO `projectrepay` VALUES ('115', '8', '栖霞苹果85#', '栖霞苹果85#优质苹果5斤！一个苹果5两到6两！', null, '0', '35');
INSERT INTO `projectrepay` VALUES ('116', '8', '栖霞苹果特大100#一斤一个！', '栖霞苹果100#特大精品优质苹果5斤！一个苹果8两到1斤！', null, '0', '45');
INSERT INTO `projectrepay` VALUES ('117', '13', '纪录片《追浪》周边大礼包', '巴厘岛冲浪板项链1条+纪录片DVD光盘1张+主题明信片1张\r\n【备注】：项链上的冲浪板花纹随机，图片仅为示意', null, '90', '50');
INSERT INTO `projectrepay` VALUES ('118', '13', '冲浪课程大礼包', '冲浪入门课程（一节）＋免费使用冲浪板1天＋《追浪》主创团队签名海报1张 + 纪录片DVD光盘1张 +主题明信片1张 \r\n\r\n【备注】：冲浪学习课程需在9月浪季开始时提前预约，课程2年内有效，可转让他人使用。', null, '90', '300');
INSERT INTO `projectrepay` VALUES ('119', '13', '冲浪课程升级礼包', '冲浪入门课程（一节）＋免费使用冲浪板2天＋亼樂冲浪浴巾＋签名海报1张 + 纪录片DVD光盘1张 +主题明信片1张 \r\n\r\n【备注】：前25名可自由选择在日月湾进行升级课程学习及2次免费使用冲浪板。\r\n冲浪学习课程需在9月浪季开始时提前预约，课程2年内有效，可转让他人使用。', null, '90', '500');
INSERT INTO `projectrepay` VALUES ('120', '1', '', '感谢您对藏区儿童的帮助！', null, null, '10');
INSERT INTO `projectrepay` VALUES ('121', '1', null, '感谢您对藏区儿童的帮助，我们将发送电子感谢信给您。', null, null, '50');
INSERT INTO `projectrepay` VALUES ('122', '1', null, '感谢您对藏区儿童的帮助，我们将赠送您一条开光哈达', null, null, '300');
INSERT INTO `projectrepay` VALUES ('123', '1', null, '感谢您对藏区儿童的帮助，我们将赠送您一串开光佛珠', null, null, '500');
INSERT INTO `projectrepay` VALUES ('124', '2', '「50g」2016年明前单丛红茶', '您将获得2016年明前单丛红茶50g（试用装）', null, '5', '10');
INSERT INTO `projectrepay` VALUES ('125', '2', '「125g」2016年雨前单丛红茶', '您将获得2016年雨前单丛红茶125g（精装盒）', null, '5', '48');
INSERT INTO `projectrepay` VALUES ('126', '2', '「250g」2016年雨前单丛红茶', '您将获得2016年雨前单丛红茶250g（精装盒+手提袋）', null, '5', '90');
INSERT INTO `projectrepay` VALUES ('127', '2', '「500g」2016年雨前单丛红茶', '您将获得2016年雨前单丛红茶500g（精装盒+手提袋）您将获得2016年雨前单丛红茶500g（精装盒+手提袋）', null, '5', '158');
INSERT INTO `projectrepay` VALUES ('128', '2', '「500g」2016年明前单丛红茶', '您将获得2016年明前单丛红茶500g（精装盒+手提袋）', null, '5', '288');
INSERT INTO `projectrepay` VALUES ('129', '7', '感谢支持“两只小熊”团队', '1、感谢您的支持，我们将答谢无为县【小红稻】新米500g。 2、“两只小熊”团队小礼物一份，感谢您的支持。', null, '20', '35');
INSERT INTO `projectrepay` VALUES ('130', '7', '感谢支持“两只小熊”团队', '1、感谢您的支持，我们将答谢无为县【小红稻】新米500g×两袋。 2、“两只小熊”团队小礼物一份，感谢您的支持。', null, '20', '60');
INSERT INTO `projectrepay` VALUES ('131', '5', '加入倾听者行列', '得到一套手环和配套的倾听者彩铅绘本一本；还有超然精灵的祝福！\r\n请您一定留下您的联系方式，以便回报的发放。', null, '10', '68');
INSERT INTO `projectrepay` VALUES ('132', '5', '加入倾听者行列', '你将得到两套倾听者手环和配套倾听者彩铅绘本；超然精灵的祝福！还有作者的亲笔签名！\r\n请您一定留下您的联系方式，以便回报的发放。', null, '10', '128');
INSERT INTO `projectrepay` VALUES ('133', '5', '加入倾听者行列', '你将得到两套手环及配套的倾听者彩铅绘本；您的名字将会出现在绘本的支持者名单页面中。\r\n请您一定留下您的联系方式，以便回报的发放。', null, '10', '218');
INSERT INTO `projectrepay` VALUES ('134', '6', null, '1) 活动纪念视频\r\n2) 活动支持感谢信（电子版本）\r\n3) 活动照片精选（电子相册打包）\r\n4) 世界杯套票25张（内含两个月的悦TV使用权，可送人）', null, '20', '50');
INSERT INTO `projectrepay` VALUES ('135', '6', null, '1) 参与圆梦活动，观看中非青少年足球赛并全程参与活动（餐费+车费）\r\n2) 联通官方网络平台（微信、微博）上公布爱心人士名单上并致以感谢\r\n3) 活动纪念视频\r\n4) 活动支持感谢信（电子版本）\r\n5) 活动照片精选（电子相册打包）\r\n6) 世界杯套票50张（内含两个月的悦TV使用权，可送人）', null, '20', '100');
INSERT INTO `projectrepay` VALUES ('136', '3', '自选版A', '1）李燕、徐德亮签名版《李燕聊齐白石》1本，图书定价68.00元；\r\n2）以上包邮。', null, '10', '68');
INSERT INTO `projectrepay` VALUES ('137', '3', '自选版B', '1）李燕、徐德亮签名版《李燕聊李苦禅》1本，图书定价98.00元；\r\n2）以上包邮。', null, '10', '98');
INSERT INTO `projectrepay` VALUES ('138', '3', '超值版', '1）李燕、徐德亮签名版《李燕聊齐白石》和《李燕聊李苦禅》各1本，图书定价合计166.00元；\r\n\r\n2）（本档二选一）星夜相声会馆剧场演出票2张，价值200元；或李苦禅非卖限量版画册1本；\r\n\r\n说明：\r\n\r\n请备注“演出票”或者“画册”。如果无备注，则默认送出演出票两张。\r\n\r\n星夜相声会馆是李菁、徐德亮等北京相声名家创办的演出团体，每周六演出。北京的读者可以选择周末听听相声，演出时间、地点、节目单可以收到票后咨询客服电话，三个月内可选。\r\n\r\n外地读者可选画册，画册随机送出。\r\n\r\n3）北京大学出版社限量版内部定制精装笔记本1本，价值88元；\r\n\r\n4）以上包邮。\r\n\r\n再次提醒：\r\n\r\n如果选画册一定请备注哦！如不备注，默认送出两张相声演出票。', null, null, '298');
INSERT INTO `projectrepay` VALUES ('139', '10', '支持8元+1次中奖机会', '众筹成功结束后，每满5人，由众筹网官方抽出1名幸运用户获得1.《但见群山默》1本（定价39元）。\r\n\r\n2. 铁血套图精美书签1枚。\r\n邀请您加入作者的文学朋友圈，品评文字，激扬人生。\r\n\r\n谢谢您的支持，您的关注是对禁地官兵奉献精神的最大的肯定和鼓励。(不满5人，按5人。抽取多次支持只得1个抽奖号。)', null, '20', '8');
INSERT INTO `projectrepay` VALUES ('140', '10', '《但见群山默》1本+铁血套图精美书签1枚', '您将获得：\r\n1.《但见群山默》1本（单价39元）。\r\n\r\n2. 铁血套图精美书签1枚。\r\n\r\n3.邀请您加入作者的文学朋友圈，品评文字，激扬人生。\r\n\r\n谢谢您的支持，您的关注是对禁地官兵奉献精神的最大的肯定和鼓励。', null, '20', '39');
INSERT INTO `projectrepay` VALUES ('141', '10', '《但见群山默》1本+铁血套图日历1本+铁血套图精美书签1枚', '您将获得：\r\n1.《但见群山默》1本（单价39元）。\r\n2.铁血套图日历1本（单价59元）。感受铁血情怀，开启铿锵人生。\r\n3. 铁血套图精美书签1枚。\r\n4.邀请您加入作者的文学朋友圈，品评文字，激扬人生。\r\n谢谢您的支持，您的关注是对禁地官兵奉献精神的最大的肯定和鼓励。', null, '20', '98');
INSERT INTO `projectrepay` VALUES ('142', '11', '广财明信片一套', '我们来自广东财经大学艺术与设计学院，我们能做的就是把母校的明信片送给大家。', null, '10', '100');
INSERT INTO `projectrepay` VALUES ('143', '11', '感恩', '主创感谢信一封\r\n电子海报一张', null, '10', '50');
INSERT INTO `projectrepay` VALUES ('144', '12', '恭喜您获得手工金瓜贡龙泉哥窑瓶\r\n十五年以上\r\n', '纯手工冬酿陈年绍兴黄酒1瓶', null, '5', '99');
INSERT INTO `projectrepay` VALUES ('145', '12', null, 'a. 十五年以上纯手工冬酿陈年绍兴黄酒1箱／6瓶\r\nb. 为您订制个性化封酒签（订制签一箱为一个单元，请在提交订单时备注部分填写正确订制人名称信息）\r\n(众筹完成后一个月后开始发货）', null, '5', '594');
INSERT INTO `projectrepay` VALUES ('146', '12', null, 'a. 十五年以上纯手工冬酿陈年绍兴黄酒5箱\r\nb. 为您订制个性化封酒签（订制签一箱为一个单元，请在提交订单时备注部分填写正确订制人名称信息）\r\nc. 送老巨特意去龙泉青瓷艺术研究所订制的哥窑开片斗笠杯一只\r\n(众筹完成一个月后开始发货)\r\nd. 送老巨优选阳澄湖（中湖）“闻涛众蟹”2只 \r\n（湖区统一捕蟹之后开始发货，外贸蟹标准）', null, '5', '2970');
INSERT INTO `projectrepay` VALUES ('147', '183', '《听说——民间口述历史计划》全片', '口述历史计划全片制作完成后将第一时间将原画完整版发送至您的邮箱。', '实物', '30', '100');
INSERT INTO `projectrepay` VALUES ('148', '183', '金士顿U盘32gu盘 高速USB3.0 DT100G3', '金士顿U盘32gu盘 高速USB3.0 DT100G3 （内嵌《听说——口述历史计划》全片）', '实物', '30', '500');
INSERT INTO `projectrepay` VALUES ('149', '183', 'WD西部数据 My Passport 1t usb3.0 西数 1tb移动硬盘', 'WD西部数据 My Passport 1t usb3.0 西数 1tb移动硬盘 （内嵌《听说——口述历史计划》全片）', '实物', '30', '1000');
INSERT INTO `projectrepay` VALUES ('173', '199', '', '', '实物', '0', '0');
INSERT INTO `projectrepay` VALUES ('174', '200', '', '', '实物', '0', '0');
INSERT INTO `projectrepay` VALUES ('175', '201', '将获得《70岁的旅行箱》签名版本+星巴克咖啡杯', '1、《70岁的旅行箱》作者签名版5册；\r\n2、价值50元的购书券一张\r\n3、可携亲友参加书友会沙龙一次\r\n4、星巴克咖啡杯一个\r\n5、DIY数字油画一幅', '实物', '45', '198');
INSERT INTO `projectrepay` VALUES ('176', '201', '获得《70岁的旅行箱》2本+DIY数字油画一幅', '1．《70岁的旅行箱》作者签名版2册；\r\n2．价值50元的购书券一张；\r\n3．可携亲友参加书友沙龙一次。\r\n4．DIY数字油画一幅。', '实物', '45', '98');
INSERT INTO `projectrepay` VALUES ('177', '201', '《70岁的旅行箱》+30元购书券', '1.《70岁的旅行箱》作者签名版1册；\r\n2.价值30元的购书券一张。', '实物', '45', '38');
INSERT INTO `projectrepay` VALUES ('185', '209', '手动阀的撒范德萨', '沙发上', '实物', '10', '10');
INSERT INTO `projectrepay` VALUES ('186', '210', '支持1元+1次中奖机会', '众筹成功结束后，每满168人，由众筹网官方抽出1名幸运用户获得(不满168人，按168人抽取。)', '实物', '30', '30');
INSERT INTO `projectrepay` VALUES ('192', '214', '回复的世纪浩劫', '卡萨丁就分开来的 ', '实物', '30', '200');

-- ----------------------------
-- Table structure for project_detail
-- ----------------------------
DROP TABLE IF EXISTS `project_detail`;
CREATE TABLE `project_detail` (
  `id` int(10) NOT NULL AUTO_INCREMENT,
  `project_id` int(10) NOT NULL COMMENT '项目id',
  `dtitle` varchar(100) COLLATE utf8_bin DEFAULT NULL COMMENT '标题',
  `dcontent` varchar(4000) COLLATE utf8_bin DEFAULT NULL COMMENT '内容',
  PRIMARY KEY (`id`)
) ENGINE=InnoDB AUTO_INCREMENT=481 DEFAULT CHARSET=utf8 COLLATE=utf8_bin;

-- ----------------------------
-- Records of project_detail
-- ----------------------------
INSERT INTO `project_detail` VALUES ('1', '1', '【扎西德勒】支持正宗西藏原生态特产 帮助藏族同胞摆脱贫困', '<br />\r\n<img src=\"./img/project/detail/5833c1c199f5c_670x682_thumb_670x0.jpg\" class=\"lazy\" style=\"width:670px; height:682px\" />\r\n<p>我于2007年当兵来到西藏林芝</p>\r\n<p>从此深爱上这片土地再也没有离开</p>\r\n<p>在我看来</p>\r\n<p>西藏拥有全世界最神奇魅力的自然风光</p>\r\n<p>还拥有全世界最纯洁善良的人</p>\r\n<p>西藏——我的第二故乡</p>\r\n<img src=\"./img/project/detail/5833c2764ef76_670x950_thumb_670x0.jpg\" class=\"lazy\" style=\"width:670px; height:950px\" />\r\n<p>然而，因特殊的地理条件及历史原因，长久以来，西藏一直是我国贫困程度最深，贫困人口最多的省份，全境74个县均为国家级贫困县，贫困人口达69万人。</p>\r\n<img src=\"./img/project/detail/5833c2b33269e_670x457_thumb_670x0.jpg\" class=\"lazy\" style=\"width:670px; height:457px\" />\r\n<p>朱拉乡政府工作人员走访调查贫困户</p>\r\n<br />\r\n<p>美丽的西藏物产丰富，</p>\r\n<p>我们从中精选了以下产品参与本次众筹</p>\r\n<img src=\"./img/project/detail/5833c35016eb5_670x399_thumb_670x0.jpg\" class=\"lazy\" style=\"width:670px; height:399px\" />\r\n<p>雪菊是功效独特价格适中的健康礼品之首选。雪菊是雪域高原一种无污染纯天然耐高寒菊花，在无污染纯天然环境生长，纯手工采摘和制作，是所有菊花中的绝对珍品，不仅其如陈年普洱或红酒般色泽红艳、香气扑鼻、口感极佳、昆仑雪菊适用性广饮用方便，而且有非常显著的药用及保健功效。</p>\r\n<img src=\"./img/project/detail/5833c379693ea_670x400_thumb_670x0.jpg\" class=\"lazy\" style=\"width:670px; height:400px\" />\r\n<p>西藏绿萝花，产于西藏寒冷地带，性微寒，生长期只有40多天，西藏特有珍贵草本植物，只有西藏能生长，并且每年的10月底是绿萝花的采摘季节，西藏绿萝花泡水喝可以辅助治疗糖尿病、冠心绿萝花的图片病及各种血管炎，因此得名绿萝花茶。</p>\r\n<img src=\"./img/project/detail/5833c3b840691_670x393_thumb_670x0.jpg\" class=\"lazy\" style=\"width:670px; height:393px\" />\r\n<p>风干牦牛肉是精选鲜西藏牦牛肉，每条肉干的纹理清晰，风干牦牛肉是西藏普通老百姓以最传统的工艺制作，以秘制配方后用阴处晾干，即去水份，又保持鲜味。精心照顾后才制作出来的风干牦牛肉，保证了天然健康。天然原味，提高抵抗力和免疫力。</p>\r\n<img src=\"./img/project/detail/5833c3e76fce6_670x399_thumb_670x0.jpg\" class=\"lazy\" style=\"width:670px; height:399px\" />\r\n<p>松茸，是松栎等树木外生的菌根真菌，具有独特的浓郁香味，是世界上珍稀名贵的天然药用菌，含有18种氨基酸，松茸多肽和松茸醇是世界公认的抗癌物质，松茸好生于养份不多而且比较干燥的林地，通常寄生于赤松、偃松、铁杉、日本铁杉的根部。四川、西藏、云南等青藏高原一带是我国松茸的主要产地，产量四川为首、品质西藏为佳、名气香格里拉最大。松茸是一种纯天然的珍稀名贵食用菌类，被誉为“菌中之王”。</p>\r\n<img src=\"./img/project/detail/5833c4092b156_670x399_thumb_670x0.jpg\" class=\"lazy\" style=\"width:670px; height:399px\" />\r\n<p>金耳，因其颜色金黄，又称黄木耳，因其形似人脑，又称脑耳。金耳含有丰富脂肪，蛋白质和磷、硫、锰、铁、镁、钙、钾等微量元素，是一种营养滋补品，并可作为药用。金耳的滋补营养价值优于银耳、黑木耳等胶质菌类，是一种理想的高级筳宴佳肴和保健佳品。</p>\r\n<img src=\"./img/project/detail/5833c44a00e58_670x397_thumb_670x0.jpg\" class=\"lazy\" style=\"width:670px; height:397px\" />\r\n<p>手掌参，为兰科植物手参或粗脉手参的块根。青藏高原稀有药材，生长在海拔3000-4000米高山灌木丛中，因为外形像手掌而得名，主要用于药物，具有补肾益精，补气益血功效，是一种药用植物。</p>\r\n<img src=\"./img/project/detail/5833c56976791_670x404_thumb_670x0.jpg\" class=\"lazy\" style=\"width:670px; height:404px\" />\r\n<p>天麻是兰科天麻属多年生草本植物。根状茎肥厚，无绿叶，蒴果倒卵状椭圆形，常以块茎或种子繁殖。其根茎入药用以治疗头晕目眩、肢体麻木、小儿惊风等症，是名贵中药，与琼珍灵芝合用治疗头痛失眠。</p>\r\n<img src=\"./img/project/detail/5833c5bfd1c73_670x396_thumb_670x0.jpg\" class=\"lazy\" style=\"width:670px; height:396px\" />\r\n<p>羊肚菌是一种珍稀食用菌品种,因其菌盖表面凹凸不平、状如羊肚而得名。羊肚菌又称羊肚菜、羊蘑、羊肚蘑。用于食积气滞、脘腹胀满、痰壅气逆喘咳，是一种珍贵的食用菌和药用菌。</p>\r\n<img src=\"./img/project/detail/5833c63b5193a_670x396_thumb_670x0.jpg\" class=\"lazy\" style=\"width:670px; height:396px\" />\r\n<p>波密灵芝，是一种产地范围为西藏自治区林芝地区波密县的灵芝，学名“白心灵芝”，高原特有品种，肉雪白，味奇香，功效远高于普通灵芝，入五脏，滋补全身，自古被誉为“救命仙草”。</p>\r\n<br />\r\n<br />\r\n<p>我公司与西藏工布江达县朱拉乡人民政府合作，精选当地所产土特产品为回报开展网络众筹，旨在帮助当地贫困农牧民群众摆脱贫困。</p>\r\n<br />\r\n<p>本次众筹资金使用</p>\r\n<img src=\"./img/project/detail/5833c67b9b021_670x451_thumb_670x0.jpg\" class=\"lazy\" style=\"width:670px; height:451px\" />\r\n<p>70%用以直接从农牧民手中收购土特产品20%用以无偿捐助朱拉乡无劳动能力的贫困农牧民10%用以本次项目运作（包括包装、邮寄等费用）</p>');
INSERT INTO `project_detail` VALUES ('2', '8', '爱心连起来可以照亮整个世界', '<p>这是心的呼唤</p>\r\n<p>这是爱的奉献</p>\r\n<p>这是人间的春风</p>\r\n<p>这是生命的源泉</p>\r\n<p>再没有心的沙漠</p>\r\n<p>再没有爱的荒原</p>\r\n<p>死神也望而却步</p>\r\n<p>幸福之花处处开遍</p>\r\n<p>啊···</p>\r\n<p>只要人人都献出一点爱</p>\r\n<p>这是心的呼唤</p>\r\n<p>这是爱的奉献</p>\r\n<p>这是人间的春风</p>\r\n<p>这是生命的源泉</p>\r\n<p>再没有心的沙漠</p>\r\n<p>再没有爱的荒原</p>\r\n<p>死神也望而却步</p>\r\n<p>幸福之花处处开遍</p>\r\n<p>啊···</p>\r\n<p>只要人人都献出一点爱</p>\r\n');
INSERT INTO `project_detail` VALUES ('3', '8', '为什么我需要你的支持及资金用途', '<p>      生活在大城市里的朋友们，请抻出援助之手，只为鼓励那些在这经济大潮中还能保留最后一份纯真的人们，为中国的食品安全我们也算出了一份力，每人一份爱心，连在一起可以改变世界，我们相信爱的力量！</p>');
INSERT INTO `project_detail` VALUES ('4', '8', '可能存在的风险', '<img src=\"./img/project/detail/581abfa520c131a_t4_750x456_thumb_670x0.jpg\" class=\"lazy\" style=\"width:670px; height:407px\" />');
INSERT INTO `project_detail` VALUES ('5', '9', '▶ 你在哪里，你怎样思考，你如今还好吗？', '<p>在互联网刚刚到来的很长时间里，我感到世界突然间错乱了。</p>\r\n<p>原本，我以为我和我身边的朋友的价值观，我们从小在生活里形成的价值观，就是普世的价值观，人们都应该这样思考。我习惯了作为一个媒体工作者单项的输出，我讲述，人们去倾听。</p>\r\n<img src=\"./img/project/detail/580dd3b3e229f_700x10_thumb_670x0.jpg\" class=\"lazy\" style=\"width:670px; height:10px\" />\r\n<p>但互联网成为了一张把每个人结入在其中的大网，它让你在一个平面上轻松地审视，这世界有多少不同经历、不同文化、不同的背景和不同的观念，而每一种不同都在发声。仿佛每一天，我都能看到不同的事情在沸腾，都能听到世界在争吵。我所描述和报道的最为人熟知的名字，科比，姚明，艾弗森，麦迪，勒布朗，即使在他们的鼎盛时期，他们是篮球世界里最杰出的一群运动员，但他们无不陷落在巨大的争议声里。争议声如潮水一般涌来，冲平沙滩，然后无声地退去。</p>\r\n<img src=\"./img/project/detail/580dc29e665311a_t4_1024x788_thumb_670x0.jpg\" class=\"lazy\" style=\"width:670px; height:516px\" />\r\n<p>▲ 20年前，NBA96黄金一代选秀后集结待命</p>\r\n<img src=\"./img/project/detail/580dd3b3e229f_700x10_thumb_670x0.jpg\" class=\"lazy\" style=\"width:670px; height:10px\" />\r\n<p>在这个时代里，我相信每个人都习惯了拥有互联网的生活，但每个人也被互联网困扰和改变了太多。这是轰鸣着的，有无数表达，无数存在的20年。我们爱它，我们也恨它。</p>\r\n<p>最终，当我回过头去看，那都是我挣扎的情怀和岁月。当你已不那么恨，也不再那么爱，因为你已不再年轻，你已渡过了你的黄金时代。</p>\r\n<p>这就是为什么会有这本书，以及有这次众筹活动。</p>\r\n<img src=\"./img/project/detail/580dc2d8084891a_t4_1280x1628_thumb_670x0.jpg\" class=\"lazy\" style=\"width:670px; height:852px\" />\r\n<p>▲ 著名体育媒体人杨毅新作《永远20，我们的NBA》</p>\r\n<img src=\"./img/project/detail/580dd3b3e229f_700x10_thumb_670x0.jpg\" class=\"lazy\" style=\"width:670px; height:10px\" />\r\n<p>我试图在这里提醒各位，也提醒自己，我们一起共同经历过什么。当你经历的时候，你是在命运的误解里，在轰鸣着的表达和争议里经历的，你不知道那些故事，还有你自己将走向何方。但当你回过头去看它，你是在平静和安详里去玩味的，你会有更坚强的内心，会有更独立的思考，你会感到更多的乐趣。在这本书里，我们选择了20年来NBA最重要的20个关键词，以它们来作为这20年的脉络，关键词可能是一个人，可能是一件事，也可能是一个现象，但他们产生的影响，都贯穿了整个时代。</p>\r\n<img src=\"./img/project/detail/580dd3b3e229f_700x10_thumb_670x0.jpg\" class=\"lazy\" style=\"width:670px; height:10px\" />\r\n<p>所有的20个章节，都不是孤立存在的，也都不只是在篮球场上去展开画卷。我们试图在重现那个时期NBA联盟的运作，讲述篮球运动过的发展，讲述美国的社会、历史、经济、政治，试图展现一个平面的，让你自由行走的世界。</p>\r\n<img src=\"./img/project/detail/580dd3b3e229f_700x10_thumb_670x0.jpg\" class=\"lazy\" style=\"width:670px; height:10px\" />\r\n<p>我想重现的，是这项运动在过往20年里赋予你我的，深深的代入感。让你想起当那件事发生的时候，你在哪里，你怎样思考，你如今还好吗？</p>\r\n<img src=\"./img/project/detail/580dd3b3e229f_700x10_thumb_670x0.jpg\" class=\"lazy\" style=\"width:670px; height:10px\" />');
INSERT INTO `project_detail` VALUES ('6', '9', '▶ 姚明的序', '<p>（注：本文为中国篮球标志性人物姚明，为《永远20》所撰写的序言节略版。全文详见《永远20》实体书。）</p>\r\n<img src=\"./img/project/detail/580dd3b3e229f_700x10_thumb_670x0.jpg\" class=\"lazy\" style=\"width:670px; height:10px\" />\r\n<img src=\"./img/project/detail/hment/580dc39251a341a_t4_2048x2048_thumb_670x0.jpg\" class=\"lazy\" style=\"width:670px; height:670px\" />\r\n<p>▲ 姚明，前NBA休斯敦火箭队超星，美国篮球名人堂成员，中国篮球标志性人物</p>\r\n<img src=\"./img/project/detail/580dd3b3e229f_700x10_thumb_670x0.jpg\" class=\"lazy\" style=\"width:670px; height:10px\" />\r\n<p>NBA是一个江湖，有江湖那就必须有游戏规则，有江湖的地方就有爱恨情仇。</p>\r\n<p>联盟发展至今快70年了，经历了风霜雨雪。曾经险些分账散伙，但如今各方追捧。这些情况存在于联盟的各个层面，而最被大家熟悉的自然是球星们的聚散离合。曾几何时江湖大佬各守一方，每一个球队的超级明星几乎可以成为球队的中间名。芝加哥乔丹公牛队，印第安纳米勒步行者，纽约尤因尼克斯，费城艾佛森76人，休斯敦奥拉朱旺火箭队，圣安东尼奥邓肯马刺队，当然不能忘了洛杉矶科比湖人队。</p>\r\n<img src=\"./img/project/detail/580dd3b3e229f_700x10_thumb_670x0.jpg\" class=\"lazy\" style=\"width:670px; height:10px\" />\r\n<p>而现在越来越开始流行超级球星扎堆，03年湖人组成了F4，10年小皇帝詹姆斯带着天赋与波什一起去了佛罗里达的南滩，刚刚过去的7月杜兰特又去拥抱了加州的阳光。每一次的离别就会产生新的机会，但不可避免的在身后留下一些口水，但怎么样呢？生活不就是这个样子的吗？时下电视上流行真人秀，但可曾想过我们在NBA身上已经欣赏了近30年的真人秀了。</p>\r\n<p>杨毅应该是国内第二代专业的体育媒体人。区别与前辈们的是这一代的媒体人不再像过去韩乔生、宋世雄老师那样需要懂几乎所有重要体育项目的内容，而是在一个专项上深耕细作。这是任何一个项目发展的规律，也是这个体育项目越来越好的一个象征。希望他的书给广大的篮球爱好者带去不同角度的体育比赛，也希望大家在看完这些内容之后再走入体育馆观看篮球比赛时会有不一样的感受。</p>\r\n<p>多谢大家。</p>\r\n<img src=\"./img/project/detail/580dd3b3e229f_700x10_thumb_670x0.jpg\" class=\"lazy\" style=\"width:670px; height:10px\" />');
INSERT INTO `project_detail` VALUES ('7', '9', '▶ 我们为什么要发起众筹', '<p>实际上，《永远20》目前已经完成了编纂和出版的工作。很快，你就能在各大实体书店和电商的货架上找到它的身影。然而，我觉得这并不足够。</p>\r\n<p>如我上述所言，书籍固然有其独特的魅力与厚重感，但它仍是单项交流。我在讲述，你在倾听。而这并不是我们所处的这个时代的伟大特性。在人人互联的今天，我想，我们需要更亲近，更及时，更畅快淋漓的交流。我想知道你们的所思所想，而你们，或许也希望和我及我的朋友们聊一聊天？</p>\r\n<img src=\"./img/project/detail/580dd3b3e229f_700x10_thumb_670x0.jpg\" class=\"lazy\" style=\"width:670px; height:10px\" />\r\n<p>所以在最初进行这本书的策划时，我和我的小伙伴们决定把《永远20》的诞生当做一个契机，或者，一张邀请函。首先，我将在这张“邀请函”上签下我的名字，立字为据。而后，我想以此为媒介，邀请你加入我们共同的《侃球俱乐部》，成为这个只为真正的体育爱好者而生的社群中，最宝贵的VIP会员。</p>\r\n<img src=\"./img/project/detail/580dd3b3e229f_700x10_thumb_670x0.jpg\" class=\"lazy\" style=\"width:670px; height:10px\" />\r\n<img src=\"./img/project/detail/580dc41b0f7501a_t4_906x1280_thumb_670x0.jpg\" class=\"lazy\" style=\"width:670px; height:947px\" />\r\n<p>▲ 《侃球俱乐部》VIP会员征集令</p>\r\n<img src=\"./img/project/detail/580dd3b3e229f_700x10_thumb_670x0.jpg\" class=\"lazy\" style=\"width:670px; height:10px\" />');
INSERT INTO `project_detail` VALUES ('8', '9', '成为《侃球俱乐部》的VIP会员后，您将享受如下权益', '<p>1、受邀加入侃球俱乐部VIP微信群</p>\r\n<p>2、获得《侃球俱乐部》签约体育名人的及时动态更新（如，杨毅、马布里、小姨妈、柯凡等）</p>\r\n<p>3、获得《侃球俱乐部》数字媒体产品福利（如，杨毅《永远20年》主题演讲独家数字剪辑版）</p>\r\n<p>4、获得侃球俱乐部组织的名人见面会的VIP福利</p>\r\n<p>5、享受侃球俱乐部衍生产品（实体+虚拟）的VIP折扣福利</p>');
INSERT INTO `project_detail` VALUES ('9', '9', '▶ 我们的回报', '<p>1、支持5元（不限额）</p>\r\n<p>您将获得：</p>\r\n<p>满15人抽取一名支持者获得杨毅亲笔签名图书《永远20》一本</p>\r\n<br />\r\n<p>2、支持69元（不限额）</p>\r\n<p>您将获得</p>\r\n<p>杨毅亲笔签名图书《永远20》一本</p>\r\n<br />\r\n<p> 3、支持200元（不限额）</p>\r\n<p>您将获得：</p>\r\n<p>       1）杨毅亲笔签名图书《永远20》一本</p>\r\n<br />\r\n<p>2）成为侃球俱乐部VIP会员。成为会员后，您将享受如下权益： </p>\r\n<p>1、受邀加入侃球俱乐部VIP会员互动交流微信群</p>\r\n<p>2、获得侃球俱乐部签约体育名人的最新信息动态（如，杨毅、马布里、小姨妈、柯凡等） </p>\r\n<p>3、获得侃球俱乐部数字媒体产品福利（如，杨毅《永远20年》主题演讲独家数字剪辑版，名人讲段子等）</p>\r\n<p>4、优先获得侃球俱乐部组织的名人见面会的信息通知以及VIP折扣</p>\r\n<p>5、享受侃球俱乐部衍生产品（实体+虚拟）的VIP折扣价</p>\r\n<br />\r\n<p>3）VIP会员获取办法：</p>\r\n<br />\r\n<p>1、支持200元档位（注：支持5元、69元无法成为VIP会员）</p>\r\n<p>2、截屏带有个人信息的支付成功页面</p>\r\n<p>3、扫描下方二维码，或加工作人员（微信号：feng3bai1979）为好友</p>\r\n<p>4、待好友通过之后，提供截屏画面</p>\r\n<p>5、审核通过后，自动成为VIP会员并受邀进入VIP互动交流群</p>\r\n<img src=\"./img/project/detail/580ee194ac48f_512x512_thumb_670x0.jpg\" class=\"lazy\" style=\"width:512px; height:512px\" />');
INSERT INTO `project_detail` VALUES ('10', '9', '▶ 关于我', '<br />\r\n<img src=\"./img/project/detail/580ddd18d35cb_854x1280_thumb_670x0.jpg\" class=\"lazy\" style=\"width:670px; height:1004px\" />\r\n<p>▲杨毅，著名篮球评论员，《体坛周报》副主编。个人微信公号《杨毅侃球》为体育领域最具影响力自媒体。《永远20——我们的NBA》系杨毅最新撰写的篮球著作。其内容涵盖了过去20年NBA最引人注目、对整个篮球世界影响最大的20个事件、人物或文化现象，阐述篮球世界以及社会的改变。</p>');
INSERT INTO `project_detail` VALUES ('11', '13', '《城市深处》拍摄策划书', 'p>一.拍摄的主题</p>\r\n<p>无论今夜的你发生多少故事，明日的城市依旧车水马龙。</p>\r\n<p>火车站里亲人朋友的挥泪送别，小餐馆内夫妻相依的平淡经营，清晨集市商贩起早贪黑的辛酸生活，马路上不惧寒冷与炎热艰辛工作的城市建设者，我所寻找的便是这些隐藏在城市深处的故事。</p>\r\n<p>让我们感动的往往不是城市表面的繁华，而是这座城市背后一个个平淡朴实的生活讲述者。</p>\r\n<br />\r\n<p>二.拍摄的目的</p>\r\n<p>通过镜头，让我们看到这些日以继夜为城市做着贡献的人们最朴实的生活，体谅并尊重任何一个岗位的工作者。</p>\r\n<p>影片会通过一个完整故事的讲述来串连城市中点点滴滴的故事。</p>\r\n<br />\r\n<p>三.拍摄的地点</p>\r\n<p>这次拍摄的地点选在吉林省延边朝鲜族自治州的首府——延吉市。</p>\r\n<p>这是一座只有1748.3平方公里的城市，却有着多个民族的交融，其中朝鲜族人口占有58%。</p>\r\n<p>走在马路上，随处可见的餐馆商店都印着两种文字，中文与朝鲜文。在这座多民族聚居的城市里，人们之间的语言与生活习惯截然不同，日常的交流与共处碰撞出的故事给这座小城市平添了许多的乐趣。</p>\r\n<br />\r\n<p>四.拍摄的对象</p>\r\n<p>拍摄的对象是一位世代生活在延吉市的老人，通过采访，老人即将为我们讲述对不同语言的适应以及衣食住行的文化生活。</p>\r\n<p>我们的步伐会沿着延吉市的布尔哈通河前行，看城市的变迁，聆听平凡的故事。</p>\r\n<br />\r\n<p>五.拍摄的内容</p>\r\n<p>1.跟踪拍摄被拍摄者的生活，了解被拍摄者的家庭故事</p>\r\n<p>2.拍摄延吉市的饮食文化与建筑风格</p>\r\n<p>3.指定拍摄城建者的日常，普通市民生活的画面</p>\r\n<p>4.把所有拍摄的内容串连成一个完整的故事，从城市大到小的过渡，表面繁华到背后朴实的转换，构建成一部三十分钟的纪录片。</p>\r\n<br />\r\n<p>六.拍摄的器材</p>\r\n<p>单反相机拍摄空镜头素材，广播一体机负责跟踪拍摄，小型航拍器用来拍摄高空素材。</p>\r\n<br />\r\n<p>七.前期准备</p>\r\n<p>1.查询资料，做好提纲，准备采访的问题。</p>\r\n<p>2.深度与被采访者交流，建立融洽关系，做好拍摄准备。</p>\r\n<p>3.全面考察，随机应变。</p>\r\n<p>4.选材准确，准备多重方案。</p>\r\n<br />\r\n<p>八.拍摄时间</p>\r\n<p>预计进行三个月的拍摄（包括后期与成片）。</p>\r\n<p>资金筹集完成后进行一个礼拜的机器采购以及准备工作，而后前往拍摄地点。</p>\r\n<br />\r\n<p>九.后期制作</p>\r\n<p>拍摄过程中整理素材，梳理脉络。拍摄完成后进行初剪，精剪，不满意的地方补拍。（三个月内完成）</p>\r\n<p>剪辑软件使用Pr，片头合成软件使用AE。</p>\r\n<br />\r\n<p>十.主要流通渠道</p>\r\n<p>通过电视台，影展等线上线下传播。</p>\r\n\r\n<p>一.拍摄的主题</p>\r\n<p>无论今夜的你发生多少故事，明日的城市依旧车水马龙。</p>\r\n<p>火车站里亲人朋友的挥泪送别，小餐馆内夫妻相依的平淡经营，清晨集市商贩起早贪黑的辛酸生活，马路上不惧寒冷与炎热艰辛工作的城市建设者，我所寻找的便是这些隐藏在城市深处的故事。</p>\r\n<p>让我们感动的往往不是城市表面的繁华，而是这座城市背后一个个平淡朴实的生活讲述者。</p>\r\n<br />\r\n<p>二.拍摄的目的</p>\r\n<p>通过镜头，让我们看到这些日以继夜为城市做着贡献的人们最朴实的生活，体谅并尊重任何一个岗位的工作者。</p>\r\n<p>影片会通过一个完整故事的讲述来串连城市中点点滴滴的故事。</p>\r\n<br />\r\n<p>三.拍摄的地点</p>\r\n<p>这次拍摄的地点选在吉林省延边朝鲜族自治州的首府——延吉市。</p>\r\n<p>这是一座只有1748.3平方公里的城市，却有着多个民族的交融，其中朝鲜族人口占有58%。</p>\r\n<p>走在马路上，随处可见的餐馆商店都印着两种文字，中文与朝鲜文。在这座多民族聚居的城市里，人们之间的语言与生活习惯截然不同，日常的交流与共处碰撞出的故事给这座小城市平添了许多的乐趣。</p>\r\n<br />\r\n<p>四.拍摄的对象</p>\r\n<p>拍摄的对象是一位世代生活在延吉市的老人，通过采访，老人即将为我们讲述对不同语言的适应以及衣食住行的文化生活。</p>\r\n<p>我们的步伐会沿着延吉市的布尔哈通河前行，看城市的变迁，聆听平凡的故事。</p>\r\n<br />\r\n<p>五.拍摄的内容</p>\r\n<p>1.跟踪拍摄被拍摄者的生活，了解被拍摄者的家庭故事</p>\r\n<p>2.拍摄延吉市的饮食文化与建筑风格</p>\r\n<p>3.指定拍摄城建者的日常，普通市民生活的画面</p>\r\n<p>4.把所有拍摄的内容串连成一个完整的故事，从城市大到小的过渡，表面繁华到背后朴实的转换，构建成一部三十分钟的纪录片。</p>\r\n<br />\r\n<p>六.拍摄的器材</p>\r\n<p>单反相机拍摄空镜头素材，广播一体机负责跟踪拍摄，小型航拍器用来拍摄高空素材。</p>\r\n<br />\r\n<p>七.前期准备</p>\r\n<p>1.查询资料，做好提纲，准备采访的问题。</p>\r\n<p>2.深度与被采访者交流，建立融洽关系，做好拍摄准备。</p>\r\n<p>3.全面考察，随机应变。</p>\r\n<p>4.选材准确，准备多重方案。</p>\r\n<br />\r\n<p>八.拍摄时间</p>\r\n<p>预计进行三个月的拍摄（包括后期与成片）。</p>\r\n<p>资金筹集完成后进行一个礼拜的机器采购以及准备工作，而后前往拍摄地点。</p>\r\n<br />\r\n<p>九.后期制作</p>\r\n<p>拍摄过程中整理素材，梳理脉络。拍摄完成后进行初剪，精剪，不满意的地方补拍。（三个月内完成）</p>\r\n<p>剪辑软件使用Pr，片头合成软件使用AE。</p>\r\n<br />\r\n<p>十.主要流通渠道</p>\r\n<p>通过电视台，影展等线上线下传播。</p>\r\n<img src=\"./img/project/detail/581cb33186c1d1a_t4_600x400_thumb_670x0.jpg\" class=\"lazy\" style=\"width:600px; height:400px\" />');
INSERT INTO `project_detail` VALUES ('12', '13', '拍摄的主要内容', '<p>一.城市背景</p>\r\n<p>延吉市的生活文化主要是汉族人民与朝鲜族人民生活的交融。乘坐公交车时，语音播报先是用汉语，而后用朝鲜语重复一遍，大街上随处可见的餐馆招牌都是由汉字与朝鲜文组成，马路上并肩行走的年轻姑娘交谈时才能发现她们是朝鲜族的女孩。</p>\r\n<p>在这座与众不同的城市，我们可以发现许许多多有趣的事。</p>\r\n<br />\r\n<p>二.延吉美食</p>\r\n<p>夏日里，闲暇时间吃上一大碗冷面，搭配一份锅包肉，立刻就能让人心旷神怡，全身舒爽。</p>\r\n<p>石锅拌饭，猪肉拌饭等特色拌饭，就着朝鲜族特色菜辣白菜，喝一口米酒，一天的疲惫就此消散。</p>\r\n<p>延吉人尤为热爱狗肉汤，寒冷的冬天，一家人围坐在享受狗肉火锅的滋味，浑身的寒意便不复存在。</p>\r\n<p>米肠，作为朝鲜族特色美食，家家户户都不会少了它，糯而不黏，回味无穷。</p>\r\n<p>明太鱼，晒干后可直接吃也可烤着吃，看剧时用手撕成条状，嚼劲十足，口有余香。</p>\r\n<p>这是一份盛宴，饮食文化的融合给万家带去欢声笑语。</p>\r\n<br />\r\n<p>三.风土人情</p>\r\n<p>延吉是中国朝鲜族聚居的中心，完整的保留着传统的朝鲜族文化、艺术、礼仪、饮食、服饰、节日等民族特色。</p>\r\n<p>是灿烂的朝鲜族民俗文化保存最为丰富、最为集中、最为精采的城市，形成了历史文化底蕴丰厚、时代特色鲜明的瑰丽的朝鲜族民俗文化景观，延吉市被誉为中国朝鲜族民俗文化最佳观赏地。 </p>\r\n<p>朝鲜族瑰丽的文化给这座城市带来了不一样的景观。</p>\r\n<p>一年一度的延边中国朝鲜族民俗文化旅游博览会能让我们看到热烈、欢快、和谐、优美的民俗表演。</p>\r\n<br />\r\n<p>四.平凡人的故事</p>\r\n<p>我们每个人生活的城市都是一个聚合体，它的内部聚集着成千上万的人，人们各司其职，为城市的发展做着贡献。</p>\r\n<p>城市深处，我们忽视、遗忘的那些人用他们的努力缔造出一个又一个灿烂辉煌的故事。</p>\r\n<p>我选择了其中的一户人家，这位老人将在影片中为我们讲述他的故事，一个属于这座城市的故事。</p>\r\n<img src=\"./img/project/detail/581cc18bf23b01a_t4_584x360_thumb_670x0.jpg\" class=\"lazy\" style=\"width:584px; height:360px\" />\r\n<img src=\"./img/project/detail/581a0ee1434549b_t4_720x869_thumb_670x0.jpg\" class=\"lazy\" style=\"width:670px; height:809px\" />\r\n<img src=\"./img/project/detail/581a12c5da0d49b_t4_600x381_thumb_670x0.jpg\" class=\"lazy\" style=\"width:600px; height:381px\" />');
INSERT INTO `project_detail` VALUES ('13', '13', '为什么以众筹的方式发起该项目', '<p>影片前期准备全部完成，众筹的目的在于资金的补充。</p>\r\n<br />\r\n<p>资金用途具体如下：</p>\r\n<br />\r\n<p>录音笔   268</p>\r\n<br />\r\n<p>滑轮车   148</p>\r\n<br />\r\n<p>小型航拍器  479</p>\r\n<br />\r\n<p>LED灯光（3盏）   325×3</p>\r\n<br />\r\n<p>佳能单反相机    3300</p>\r\n<br />\r\n<p>索尼广播一体机   15000</p>\r\n<br />\r\n<p>食宿＋来回车票＋拍摄地路费＋拍摄场地材料＋后期制作   16000</p>\r\n<br />\r\n<p>备用金   3000</p>\r\n<br />\r\n<p>共计 39170</p>');
INSERT INTO `project_detail` VALUES ('14', '13', '关于我与我的联系方式', '<p>大家好，我叫罗瑛，来自上海。</p>\r\n<p>我是一名在读的大三学生，今年学校选修课有一门教习拍摄微电影的课程，我选修通过学习发现自己对拍摄影片有着非常浓厚的兴趣。于是每节课程我都认真学习并在课外查找资料丰富知识。</p>\r\n<p>当我把所有课程都学完后，我便梦想做一名拍摄纪录片的导演。</p>\r\n<p>我在课余时间学习了纪录片的拍摄，大量观看央视的纪录片，学习摄影手法与灯光知识。</p>\r\n<p>虽然此前我并没有任何作品，但是我把纪录片拍摄的基本内容全部学完并且依旧在不断学习新的知识。我想通过这次众筹的机会来实现我的梦想，也算是我的一次历练。</p>\r\n<p>我知道，在互联网上对一个陌生人给与信任是一件多么不容易的事，我在这里真心感谢愿意帮助我的人，我也会尽我最大的努力去完成影片的拍摄。</p>\r\n<p>我的后期不太行，影片完成后可能会找专业人员制作。计划采访，跟踪拍摄都是由我一人完成。</p>\r\n<p>不拼搏一场对不起年轻的自己，所以我会坚定地走下去，在梦想的路上披荆斩棘，我不畏惧失败，我会证明自己。</p>\r\n<br />\r\n<p>我的邮箱：446885899@qq.com</p>\r\n<p>我的微信：L6mj7Y</p>\r\n<img src=\"./img/project/detail/58176bf6a90ee1a_t4_400x493_thumb_670x0.jpg\" class=\"lazy\" style=\"width:400px; height:493px\" />');
INSERT INTO `project_detail` VALUES ('15', '13', '项目的风险以及解决方案', '<p>1.由于我还是一名在校大学生，此前并没有作品，所以纪录片的成片可能不是特别专业。</p>\r\n<br />\r\n<p>2.由于我是只身一人前往拍摄，路途中可能会发生一些突发状况或者遇到一些预料以外的困难延长拍摄周期。</p>\r\n<br />\r\n<p>3.成片后的推广效果可能并不显著。</p>\r\n<br />\r\n<p>解决方案：</p>\r\n<p>首先，遇到多大的困难我都不会放弃，因为这是我的梦想，我会努力去做好这件事。</p>\r\n<p>其次，器材的保护与资金的预算我都会做好准备与记录，以最小的成本做出最佳的影片。</p>\r\n<p>在延吉市我会居住三个月，用充足的时间来完成整部影片的拍摄与后期，做到每日整理，随时补拍。</p>\r\n<p>至于推广渠道，我会尝试线上线下多种方案来进行宣传。</p>');
INSERT INTO `project_detail` VALUES ('16', '13', '项目众筹成功后的回报', '<p>项目成功后有以下回报内容：</p>\r\n<p>1.我将以电子邮件的方式给您发送一封感谢信</p>\r\n<p>2.高清全片的链接会第一时间分享给您（10）</p>\r\n<p>3.在片尾字幕的感谢名单中将会出现您的名字</p>\r\n<p>4.我将会给您邮寄一套《城市深处》的印刷版明信片（100）</p>\r\n<p>5.我会给您邮寄一个32G的U盘，内含高清全片以及感谢信一封</p>\r\n<p>6.DVD光盘一份以及印刷版海报（500）</p>\r\n<p>7.您将成为影片的合作赞助商，您的商家LOGO或者公司全称将会出现在片尾特别鸣谢单中</p>\r\n<p>8.您的名字将会作为联合出品人出现在片头字幕中（5000）</p>\r\n<p>（请留下您的电子邮箱地址以及您方便接收邮件的地址，并可以用微信告诉我您的公司名称和您的联系方式）</p>\r\n<br />\r\n<p>此外，项目完成后会抽一些微信里的小伙伴赠送延吉市的特产和韩国小零食。包邮。</p>\r\n<img src=\"./img/project/detail/5819f8c83e6399b_t4_420x446_thumb_670x0.jpg\" class=\"lazy\" style=\"width:420px; height:446px\" />');
INSERT INTO `project_detail` VALUES ('239', '115', '写在故事的前面', '<p></p><img src=\'/CrowdFounding/img/project/detail/aaa47357-d20c-4797-b63a-ddb31d095f3b.jpg\' class=\'lazy\' style=\'width:670px; height:100%\' />');
INSERT INTO `project_detail` VALUES ('240', '115', '为什么众筹', '<p>此次众筹出于两方面考虑，首先，扶持地方典型带头农户，帮助农户科学种植，确保生产优质安全稻米，为农户劳作提升价值。为用户选择基地直供方式，放心找回儿时那一口香喷喷的大米饭的味道。 其次，希望能为“古代四大米市”之首的“芜湖米市”重新焕发昔日辉煌贡献一份力量，让“南陵粮仓”的优质大米再次走向全国。此次筹款项全部用于培训农户科学种植技术、农产品品牌建设的课程上。</p><p></p><p>2017年，我们将借助各方资源和团队的力量，以“将军湾生态农场”为推广案例，帮助更多农户，建设高标准、高科技的生产基地，让科技精准助力农业生产，实现农产品品牌化，让安心粮走向千家万户。建设“芜湖米市”、“南陵粮仓”的优质产品生产基地，打造优秀农业品牌。</p><p></p>');
INSERT INTO `project_detail` VALUES ('241', '115', '我们的产品', '<p></p><img src=\'/CrowdFounding/img/project/detail/47ddeee2-a8a9-4b93-b17b-b19e229a603c.jpg\' class=\'lazy\' style=\'width:670px; height:100%\' /><img src=\'/CrowdFounding/img/project/detail/47ddeee2-a8a9-4b93-b17b-b19e229a603c.jpg\' class=\'lazy\' style=\'width:670px; height:100%\' /><img src=\'/CrowdFounding/img/project/detail/47ddeee2-a8a9-4b93-b17b-b19e229a603c.jpg\' class=\'lazy\' style=\'width:670px; height:100%\' />');
INSERT INTO `project_detail` VALUES ('338', '182', '', '<p></p>');
INSERT INTO `project_detail` VALUES ('339', '182', '', '<p></p>');
INSERT INTO `project_detail` VALUES ('340', '182', '', '<p></p>');
INSERT INTO `project_detail` VALUES ('350', '4', null, '<img src=\'/CrowdFounding/img/project/detail/581af0c3b01a01a_t4_670x8098_thumb_670x0.jpg\' class=\'lazy\' style=\'width:670px; height:100%\' /><img src=\'/CrowdFounding/img/project/detail/47ddeee2-a8a9-4b93-b17b-b19e229a603c.jpg\' class=\'lazy\' style=\'width:670px; height:100%\' /><img src=\'/CrowdFounding/img/project/detail/47ddeee2-a8a9-4b93-b17b-b19e229a603c.jpg\' class=\'lazy\' style=\'width:670px; height:100%\' />');
INSERT INTO `project_detail` VALUES ('351', '2', null, '<img src=\'/CrowdFounding/img/project/detail/58075e549fa0e9b_t4_800x1284_thumb_670x0.jpg\' class=\'lazy\' style=\'width:670px; height:100%\' /><img src=\'/CrowdFounding/img/project/detail/58075e5ba6fb09b_t4_800x1092_thumb_670x0.jpg\' class=\'lazy\' style=\'width:670px; height:100%\' />');
INSERT INTO `project_detail` VALUES ('352', '7', '我们的故事', '<p>一寸家乡土</p><p>一滴永安河水</p><p>成为无为县种粮人一生的陪伴</p><p>具有千年的历史“小红稻”米</p><p>几近绝迹后</p><p>二零一六年重出江湖</p><p>我们致力于将家乡优质珍稀“小红稻”米，推向市场</p><p>为挽救地方特有稻米品种，贡献一份力。</p><img src=\'/CrowdFounding/img/project/detail/5833d7e3a6a0c_670x832_thumb_670x0.jpg\' class=\'lazy\' style=\'width:670px; height:100%\' /><img src=\'/CrowdFounding/img/project/detail/5833d7f055c52_670x418_thumb_670x0.jpg\' class=\'lazy\' style=\'width:670px; height:100%\' />');
INSERT INTO `project_detail` VALUES ('353', '5', '社创少年的爱心呼吁： 让每个家庭充满沟通和理解的欢乐！', '<p>社创少年的爱心呼吁：</p><p>社创少年的爱心呼吁：</p><p>社创少年的爱心呼吁：</p><p>社创少年的爱心呼吁：</p><p>我叫何圣流，今年15岁，在家自主学习，很多时间在家里学习和工作，使我有机会关注家人！</p>');
INSERT INTO `project_detail` VALUES ('354', '5', '一 我和爸爸的故事', '<p>我爸爸是个医生，以前，他下班回到家，经常疲惫不堪，情绪失控！有时十分低落，有时大喊大叫，甚至乱摔东西，搞得全家一片混乱，看到爸爸发作时陌生的样子，我难受极了！</p><p>    谁能帮助爸爸？</p><p>    谁能让家庭重回宁静和平？</p><p>    冷静下来去看爸爸，感觉他并没有真正的朋友！很孤单！我想做他的朋友，帮助他！</p><p>我萌发出一个强烈的想法，做一个情绪监控仪，监测他的情绪变化！这个情绪监控程序的APP，就装在爸爸的手机上！</p><p>    想法很单纯： “我想用一个小发明，改善家庭关系和社区环境”。</p><p>    上网搜索“情绪监控仪”， 真是名目繁多。 我为爸爸买了一款电子智能手环。没想到爸爸只用了一次,就再也不想用了。</p><p>    我问爸爸，您为什么不用电子手环了？”</p><p>爸爸说，“我想要的不是情绪监控仪，而是一个人，能够倾听我的烦恼和忧虑。”</p><p>    爸爸的话，给了我灵感！</p>');
INSERT INTO `project_detail` VALUES ('355', '5', '二 我家的倾听者手环时间！', '<p>经过反复思考，征求老师们的意见，我又增加了“倾诉者手环”</p><p>和“觉察者手环”，升级为倾听者手环2.0版本。再加上手机上的定时音乐铃声功能，就可以开始“倾听者时间”了。</p><p>当我们戴上倾听者手环，真正的倾听就开始了。倾听者手环就有这样的魔力！</p><p>每次做完倾听者手环时间，我们都感到莫大的满足！</p><img src=\'/CrowdFounding/img/project/detail/58228a8467e90_850x1134_thumb_670x0.jpg\' class=\'lazy\' style=\'width:670px; height:100%\' />');
INSERT INTO `project_detail` VALUES ('356', '6', null, '<h2>关于我们</h2><p>广州市开心社会工作发展中心成立于2012年，经广州市民政局批准注册的市级社会公共服务机构，依托广州大学与广州发展研究院。机构现承接广州市农林街和登峰街家庭服务中心，提供专业的社工服务。</p><br><p>服务宗旨：专业为本，责任于心，整合资源，服务社群。</p><img src=\'/CrowdFounding/img/project/detail/1a0fa1ad6454ed2d5e3878975e93954989_thumb_670x0.jpg\' class=\'lazy\' style=\'width:670px; height:100%\' />');
INSERT INTO `project_detail` VALUES ('357', '3', '李燕何许人也？', '<p>他是李苦禅之子、齐白石徒孙，身兼清华大学美术学院教授、中央文史研究馆馆员，所画猴是近三十年来最具典型性的中国画“形象”之一；</p><p>他已经74岁高龄，讲课有趣有料，是清华学生最喜爱的名师之一；</p><p>他对国学及其他艺术门类多有涉猎，而且语言表达能力极强，连侯宝林先生都叹为观止。</p><p>他就是精通国学、热心美术教育的大画家李燕先生。</p><img src=\'/CrowdFounding/img/project/detail/581af0c3b01a01a_t4_670x8098_thumb_670x0.jpg\' class=\'lazy\' style=\'width:670px; height:100%\' /><img src=\'/CrowdFounding/img/project/detail/47ddeee2-a8a9-4b93-b17b-b19e229a603c.jpg\' class=\'lazy\' style=\'width:670px; height:100%\' /><img src=\'/CrowdFounding/img/project/detail/582c040cabeca_669x1493_thumb_670x0.jpg\' class=\'lazy\' style=\'width:670px; height:100%\' />');
INSERT INTO `project_detail` VALUES ('358', '10', '作者高满航说', '<p>10年时间里，无数个小鲁走进我的心里，记录在我的笔尖。</p><p>禁地距离市区数百公里，遥远，封闭。这里的许多战士当兵后是第一次走进如此高耸入云的大山，待离开，就是几年之后和军旅作别，一进一出，便永不能回来。他们很多人和小鲁一样，生活规律而单调，日复一日地站岗、巡逻、搜山、警戒，不管别人懂不懂，他们都坚定地践行着一个战士对于国家的忠诚。写小鲁，也是写我那散落把守在禁地里的所有战友，他们都是不抛弃不放弃的小鲁。</p><p>我与禁地亲密接触的10年时间里，无数个小鲁走进我的心里，记录在我的笔尖。</p><img src=\'/CrowdFounding/img/project/detail/57f8f2ccd0a431a_t4_877x1063_thumb_670x0.jpg\' class=\'lazy\' style=\'width:670px; height:100%\' /><p>标题：施工间隙</p><p>摄影者说：禁地最辛苦的就是工兵，他们不但要承受高山密林里日复一日的寂寞，还要承担高强度的施工。因为保密要求，外面的施工队进不来，因为地形所限，大型的设备也派不上用场，更多的时候，他们的手，他们的肩都成了施工的“器械“，日积月累，很多人都习惯性脱臼，腰椎间盘突出，骨质增生也是司空见惯，跟着他们进过几次工地，深深体会到了“艰苦“二字，可是在这张偶拍的照片里，看不到他们的苦涩，快乐永远是他们对抗艰难困苦的态度。</p>');
INSERT INTO `project_detail` VALUES ('359', '11', '来自小粉红的感谢', '<p>你们好，我们是来自广东财经大学艺术与设计学院广告学班的小粉红剧组。</p><p>　　　你一定很奇怪，作为一群大学生，既不是生病又不是创业，为什么要众筹呢？</p><p>　　　我们是什么都不懂的小屁孩，上了八周的影视广告制作，凭着无限的激情和活力，拍了四个自认为还不错的短片。当我们得意洋洋的时候，我们接到了一个很大压力的任务——帮助展融团队的视障人士拍摄一段宣传片。</p><p>　　　一开始，我们真是抓耳挠腮。</p><p>   “天啊什么叫视障人士”“盲人能看的见？”</p><p>　　　“我不了解他们啊”“老师是在逗我吗？”</p><p>　　　后来去按摩店找他们，去特殊学校遇见他们，去展融机构和他们交谈。原来啊，我们有一个很大的共同点——那些藏在枕头里的梦想。</p><p>　　　他们说想去徒步，从惠州走到广州。他们想告诉别人虽然有限制，但是能突破。</p><p>　　　他们说出来，而且他们做到了。</p><p>　　　</p><p>　　　我们的电影梦，却从来不敢说出口。</p><p>　　　还记得以前拍摄的时候被五个身材庞大的物管人员砸器材，把我们赶出了那个他们据为己有的公共场地；记得因为我们没有专业的打光人员和打光设备，我们的摄影师只能用手机补着光，只为了更好地镜头效果；记得拍摄了七个小时后的我们路过了大排档，七个人点了一锅粥一个炒粉，给钱的时候却几乎没有人能够先垫付了这张账单。</p><p>　　　是的呀，我们做了许多事，但我们从来不敢承认我们已经尽全力做好了所有的作品。因为我们不甘电影梦就这样被侮辱了。</p><p>        这一次，我们想全力以赴。你是我第一位陌生的电影投资人，便是这样一次偶然，给了我们与陌生的你一些小小的关联，就像我们和视障人士的关联一样。 我们希望借助这部微电影，让更多人真正地了解到视障群体这个早已被忽略的群体，找到大家内心深处的共鸣点，让更多的人关注到视障群体的现状。积攒这些小小的力量，我相信平凡的我们，在平凡的人生里，也会有力量来点亮一些什么吧。感谢你对有梦想的年轻人和视障人士的支持。</p><img src=\'/CrowdFounding/img/project/detail/5912d72f75aa61a_t4_800x532_thumb_670x0.jpg\' class=\'lazy\' style=\'width:670px; height:100%\' />');
INSERT INTO `project_detail` VALUES ('360', '12', null, '<img src=\'/CrowdFounding/img/project/detail/db97ae25bff47d954f135637b78a5b6694_thumb_670x0.jpg\' class=\'lazy\' style=\'width:670px; height:100%\' />');
INSERT INTO `project_detail` VALUES ('361', '183', '我为什么要做“听说”口述历史计划', '<p>如今站在下关长江边上，长江逝水滚滚，我更明白了一件事：我们有缘跟这衡山龙家院的少年成为父子父女，那么多年的岁月里，他多少次啊，试着告诉我们他有一个看不见但是隐隐作痛的伤口，但是我们一次机会都没有给过他，彻底地，一次都没有给过。 ——龙应台</p><p></p><p>我总是想知道我的祖辈在那个时代是怎么样的生活，在那个我们如今看起来充斥着恐惧、迷茫、劳累、饥饿的年代，他们依靠着什么样的力量在漩涡中挣扎着生存。这一次，我要耐心的听他们讲述亲身经历的中华人民共和国建国，土地改革，人民公社，三年自然灾害，文化大革命。去用心的了解在沉重的大历史下，每一个普通人的故事。</p><p></p><p>不然，工作繁忙，为生计奔波。我们总是没有时间去听的过去的那些故事，你可能永远都听不到了。</p><p></p><p>计划在众筹计划完成后一个月内完成所有设备的采购，包括但不限：JVC/松下HD摄像机，BOYA无线麦克风，柔光灯箱。设备采购结束后前往预定地点对老人进行访问。访问对象不低于三位。访问结束后一个月内完成《听说 民间口述历史》纪录短片的剪辑工作。</p>');
INSERT INTO `project_detail` VALUES ('362', '183', '我需要您的支持', '<p>我计划在河南省漯河市舞阳县以及平顶山市进行采访。为了完成这次口述历史采访计划，需要克服很多的困难。其中包括基本的摄影摄像设备、话筒以及灯光器材。我是一个学生，而且我的设计师工作在短时间内不能满足我完成这次采访的需求。希望能够有更多的热爱历史，想亲身了解在那个年代生活状态的朋友们支持我。</p>');
INSERT INTO `project_detail` VALUES ('363', '183', '我提供的项目回报', '<p>为了感谢支持者的回报，我将给每一位参与众筹的朋友提供后期的感谢礼物。根据支持的挡位不同，我将会提供金士顿U盘，，西部数据移动硬盘等向支持者答谢。并且每一份礼物中都会内嵌制作完成的《听说——民间口述历史》的全片。</p><img src=\'/CrowdFounding/img/project/detail/beeb2ace-e385-4ce7-af9f-c7a784d401c2.jpg\' class=\'lazy\' style=\'width:670px; height:100%\' />');
INSERT INTO `project_detail` VALUES ('439', '201', '项目故事', '<p>认识李阿姨夫妇是在年初，编辑部的小屋因为李阿姨的到来变得异常有生气。李阿姨健谈，说话也风趣，风风火火的劲头儿，丝毫看不出已是70岁高龄的老人。</p><p>因为心里的文学梦，因为对那些名著中的人物和国家的向往，退休后，夫妇两人决定来一趟放飞自我的旅行。于是，50岁学开车、60岁学英语、70岁自学摄影。5年时间，他们行程200000公里，走过39个国家300多座城市，李阿姨说，她要去寻找属于自己的“诗和远方”。</p><p>千山万水后，李阿姨带着满满行囊的爱与满足回归，她的记事本上，写着一句话：愿你出走半生，归来仍是少年。她说，第一眼看到这句话，就像看到了自己。她说，她愿意一直做那个追梦少年，岁月不老，梦想不散。</p><img src=\'/CrowdFounding/img/project/detail/1932732c-aabb-46d3-9e82-8933bd74cb13.jpg\' class=\'lazy\' style=\'width:670px; height:100%\' />');
INSERT INTO `project_detail` VALUES ('440', '201', '我们为什么要众筹——梦之所起，一往而深', '<p>在我们的认知中，老年人的生活好像就应该是安安稳稳的，平平淡淡的，看看孙子、养养鱼、溜溜狗，跟年轻人抢抢地盘，跳跳舞……</p><p>他们走不出那方生活了一辈子的地方。</p><p>因为人人都说，老啦，哪儿都去不了了，安安分分地在家待着就得了。</p><p>少年人认为这是对的，因为世界等着的好像一直是他们。</p><p>中年人认为这是对的，因为世界好像一直是他们的。</p><p>老年人自己认为，世界再好，好像与我也没什么相干了。</p><p>庆而幸之，世事最温暖的地方就是：即使你已预知无常，内心仍可向往。</p><p>就像，我们见到了李阿姨，一个很传奇不服老不服输的老顽童。</p><p></p><p>60岁，零基础学英语，报了班儿，被老师轰出来，理由充分且庞大，这个年纪26个字母都认不全，怎么教？之后，阿姨自己学到华尔街英语免考级别。其实这没什么，如果你在这个年纪还想去看看世界，就应该是这样聪明、疯狂。</p><p>65岁，智斗各国签证官，拿到40国签证，带着70多岁的老伴儿，背着锅碗瓢盆，周游起了世界。一路看风景、交朋友、斗黑帮、打零工、吃美食、暖人心……四次出国门，四次凯旋。踏遍39个国家，游览300个城市和地区。这其实也没什么，如果你在这个年纪还有梦，以梦为马，随处可去。</p><p>68岁，提笔行文，6个月，凭着记忆写下38万字的游记随笔，注意，是真正的提笔，因为阿姨不会电脑打字。嗯，手写38万字，而且这之前，阿姨只做读者，从没做过作者。</p><p>现在，阿姨将要迎来70岁的生日，我们在看她的第二部书稿，还是手写稿，工整整洁，一气呵成，没有勾改。语言也许不是很精美，但却处处热情洋溢。</p><p>小时候，放学回到家，推开家门，我们会喊一声：“爸，妈，我回来了。”</p><p>长大离家，工作放假，回到家，推开家门，还是喊一声：“爸，妈，我回来了。”</p><p>以至于，我们只要想找爸妈，都会想到，爸妈在家呢，在那片我们出生长大的小村庄或者小区里，或者就在我们身边，一直围着我们转，从健步如飞到步履蹒跚，从未离开。</p><p>人们总说，儿女像风筝，父母牵着线。</p><p>其实反过来想想，我们何尝不是线，牵绊了父母。</p><p>不知道有多少父母，为了儿女放下了曾经的梦，收敛了自由的心。</p><p>如今，他们老了，退休在家，花花鸟鸟，遛弯养狗……无论什么爱好，好像再也走不出那片我们熟悉的地方。</p><p></p><img src=\'/CrowdFounding/img/project/detail/70862f5d-ad15-40db-baed-9907bdc7f6be.jpg\' class=\'lazy\' style=\'width:670px; height:100%\' /><img src=\'/CrowdFounding/img/project/detail/70862f5d-ad15-40db-baed-9907bdc7f6be.jpg\' class=\'lazy\' style=\'width:670px; height:100%\' />');
INSERT INTO `project_detail` VALUES ('441', '201', '关于作者', '<p>李心培，一个花甲追梦人。5年时间，20万公里，39个国家，300多座城市，她和老伴背着背包一路穷游，几乎走遍了大半个地球。她说，人老了，梦不应该老，只要梦还在，人到什么时候都是年轻的。她在电视台做分享，很多老年朋友几乎是瞪着眼睛张大着嘴巴听完的。最后，她写下一段寄语，说是给自己的，也是给更多老年朋友的。她写道：70岁的你依然是个孩子，80岁的你才是青年；如果你到了90岁，或许生命的神该来召唤你了，但你说：“等等，我还没到一百岁呢。不过即使到了，我也再考虑考虑要不要跟你走，说不定我还能活得更长。”</p><img src=\'/CrowdFounding/img/project/detail/1ab2f078-c5c3-4662-aba9-b1bc7b427a9f.jpg\' class=\'lazy\' style=\'width:670px; height:100%\' />');
INSERT INTO `project_detail` VALUES ('463', '209', '萨达法萨芬撒发生的', '<p>恢复撒开好房间爱上</p><img src=\'/CrowdFounding/img/project/detail/8e617610-efdc-43fd-b4a7-6fe1a6b26491.jpg\' class=\'lazy\' style=\'width:670px; height:100%\' />');
INSERT INTO `project_detail` VALUES ('464', '209', '', '<p></p>');
INSERT INTO `project_detail` VALUES ('465', '209', '', '<p></p>');
INSERT INTO `project_detail` VALUES ('466', '210', '项目故事', '<p></p><p>传统滑板与欢灵滑板对比：</p><p>.</p><p>1.传统滑板在平地上需要一只脚到地面不断借力才能不断滑行；</p><p>欢灵滑板不管平地还是下坡都可以不断滑行，加速减速都可以在滑板上完成。</p><p>.</p><p>2.传统滑板在滑行中如果要转玩，那玩家就要下滑板才能更好的完成；</p><p>欢灵滑板在滑板上就可以随意转弯或者转身，因为欢灵滑板可以360度旋转。</p><p>.</p><p>3.传统滑板新手玩家需要一段不短的时间才能学会；</p><p>新手玩家玩欢灵滑板，只要人站上去就开始慢慢滑行，速度可快可慢，轻松上手。</p><p>.</p><p>4.玩传统滑板需要一定平衡能力的人才能更好的玩，因为滑行中，往往只有一只脚在滑板上，只要一只脚到地面一借力，滑板就会往前跑，平衡感很难掌握；</p><p>欢灵滑板平衡能力不好的人也一样玩的溜，因为两只脚都在滑板上，需要加速时，两边重心不断切换就可以完成，滑行中更加平稳安全。</p><p>.</p><p>5.玩传统滑板的玩家，往往需要找一个下坡长度很长的地方才能最好的体验滑板的乐趣，因为下坡时人站在滑板上才能持续滑行；</p><p>欢灵滑板的体验乐趣不管在下坡还是平地都一样，因为人站在欢灵滑板上都可以持续滑行。</p><p>.</p><p>滑板是一项非常有意义又好玩的玩具，特别是年轻人跟小孩，对滑板的热爱程度那可是从不离身，不管去哪里玩都想带着滑板。滑板不单好玩，它还是一种交通工具，如果距离不是很远的话，很多人都愿意用滑板来充当交通工具这个角色。在这个过程中既可以体验玩的乐趣，又可以锻炼我们的身体平衡能力。</p><p>.</p><p>qq群：325172831</p><p>QQ:1635966259</p><p>微信：15060747691</p><p>.</p><p>滑板虽然是一款很多人都喜爱的玩具，但是学起来并不简单，需要有一定平衡力的人，同时还要花一定的时间才能慢慢掌握，对于性子比较急的人来说，那就是一种煎熬。不过现在不用担心了，一种不用学也可以直接上手的滑板即将面世，这是一种人站在滑板上即可向前滑行的滑板，想要持续滑行，只要不断控制人体重心左右切换即可向前不断滑行的神奇滑板，这款滑板的名称叫欢灵滑板，意思就是欢快的精灵玩的滑板。</p><p>.</p><p>欢灵滑板是设计者的独家专利，设计人本着轻松滑行的初衷，为了更加方便快捷的出行而设计了这一款欢灵滑板，又结合年轻人爱玩爱追求新鲜事物的特性，在滑板的设计中加入控制人体重心即可前行的滑行动力设计。这款滑板的出现首先是新一代年轻人创新特质的一种体现方式，其次具有趣味性的特征，当我们向现实屈服，只能采用单一乏味的练习方式去面对滑板的时候，一款包含着“玩趣”、操作简便，又能达到我们滑行目的的产品，就是我们所需要的。</p><p>.</p><p>温馨提醒：如果是新手，刚开始玩的时候不要滑很快，先站上去，然后慢慢滑行。因为欢灵滑板的速度可以滑很快，所以为了安全，还是等您熟悉之后再来考虑速度与炫酷动作的问题。小孩子最好有父母的陪伴下来玩。并且玩欢灵滑板时，穿戴好防护具，以免摔伤。</p><p></p><img src=\'/CrowdFounding/img/project/detail/7aca16a4-eefb-4ecc-ace3-3f0e4e8bcee4.jpg\' class=\'lazy\' style=\'width:670px; height:100%\' />');
INSERT INTO `project_detail` VALUES ('467', '210', '', '<p></p>');
INSERT INTO `project_detail` VALUES ('468', '210', '', '<p></p>');
INSERT INTO `project_detail` VALUES ('472', '212', '1111111', '<p>111111111111</p><img src=\'/CrowdFounding/img/project/detail/cf68e00e-437d-4d43-91af-fcc0021d1921.jpg\' class=\'lazy\' style=\'width:670px; height:100%\' />');
INSERT INTO `project_detail` VALUES ('473', '212', '', '<p></p>');
INSERT INTO `project_detail` VALUES ('474', '212', '', '<p></p>');
INSERT INTO `project_detail` VALUES ('478', '214', '主创人员', '<p>片名：《河流》</p><p>影片类型：励志片</p><p>时长：40—50分钟</p><p>拍摄周期：15—20天</p><p>拍摄地点：广东</p><p>导演：张羽达</p><p>成员：李玉清 唐静梦 黄秋芬 梁启洪</p><img src=\'/CrowdFounding/img/project/detail/2c904eb0-8cae-4dd8-a4bf-9f97cb971093.jpg\' class=\'lazy\' style=\'width:670px; height:100%\' />');
INSERT INTO `project_detail` VALUES ('479', '214', '', '<p></p>');
INSERT INTO `project_detail` VALUES ('480', '214', '', '<p></p>');

-- ----------------------------
-- Table structure for project_progress
-- ----------------------------
DROP TABLE IF EXISTS `project_progress`;
CREATE TABLE `project_progress` (
  `id` int(10) NOT NULL AUTO_INCREMENT,
  `project_id` int(10) NOT NULL COMMENT '项目id',
  `content` varchar(5000) COLLATE utf8_bin DEFAULT NULL COMMENT '最新进展内容',
  `publish_date` datetime DEFAULT NULL COMMENT '发布时间',
  `pubUser` varchar(50) COLLATE utf8_bin DEFAULT NULL,
  PRIMARY KEY (`id`),
  KEY `foreign1` (`project_id`),
  CONSTRAINT `foreign1` FOREIGN KEY (`project_id`) REFERENCES `project` (`project_id`) ON UPDATE NO ACTION
) ENGINE=InnoDB AUTO_INCREMENT=12 DEFAULT CHARSET=utf8 COLLATE=utf8_bin;

-- ----------------------------
-- Records of project_progress
-- ----------------------------
INSERT INTO `project_progress` VALUES ('1', '1', '<p>      生活在大城市里的朋友们，请抻出援助之手，只为鼓励那些在这经济大潮中还能保留最后一份纯真的人们，为中国的食品安全我们也算出了一份力，每人一份爱心，连在一起可以改变世界，我们相信爱的力量！</p>', '2017-11-13 17:05:48', '14545');
INSERT INTO `project_progress` VALUES ('2', '1', '<img src=\"./img/project/detail/581abfa520c131a_t4_750x456_thumb_670x0.jpg\" class=\"lazy\" style=\"width:670px; height:407px\" />', '2017-11-16 17:08:13', '55');
INSERT INTO `project_progress` VALUES ('3', '1', '<p>撒打发士大夫</p>', '2017-11-14 11:01:06', null);
INSERT INTO `project_progress` VALUES ('4', '1', '<p>斯蒂芬大发</p>', '2017-11-14 11:04:51', null);
INSERT INTO `project_progress` VALUES ('5', '1', '<p>黄金客户见客户 </p>', '2017-11-14 11:08:09', '17855830787');
INSERT INTO `project_progress` VALUES ('6', '1', '<p>发斯蒂芬</p>', '2017-11-14 11:09:50', '17855830787');
INSERT INTO `project_progress` VALUES ('7', '1', '<p>手动阀发送到是</p>', '2017-11-14 11:13:10', '17855830787');
INSERT INTO `project_progress` VALUES ('8', '1', '<p>是打发点发啥地方撒地方</p>', '2017-11-14 11:56:26', '17855830787');
INSERT INTO `project_progress` VALUES ('9', '210', '<p>我们已经开始；额</p>', '2018-01-03 15:39:21', '1324459373');
INSERT INTO `project_progress` VALUES ('10', '210', '<p>1111</p>', '2018-01-03 15:40:34', '1324459373');

-- ----------------------------
-- Table structure for province_city_district
-- ----------------------------
DROP TABLE IF EXISTS `province_city_district`;
CREATE TABLE `province_city_district` (
  `id` int(11) NOT NULL,
  `pid` int(11) DEFAULT NULL,
  `name` varchar(10) DEFAULT NULL,
  PRIMARY KEY (`id`)
) ENGINE=InnoDB DEFAULT CHARSET=utf8;

-- ----------------------------
-- Records of province_city_district
-- ----------------------------
INSERT INTO `province_city_district` VALUES ('11', '0', '北京');
INSERT INTO `province_city_district` VALUES ('12', '0', '天津');
INSERT INTO `province_city_district` VALUES ('13', '0', '河北');
INSERT INTO `province_city_district` VALUES ('14', '0', '山西');
INSERT INTO `province_city_district` VALUES ('15', '0', '内蒙古');
INSERT INTO `province_city_district` VALUES ('21', '0', '辽宁');
INSERT INTO `province_city_district` VALUES ('22', '0', '吉林');
INSERT INTO `province_city_district` VALUES ('23', '0', '黑龙江');
INSERT INTO `province_city_district` VALUES ('31', '0', '上海');
INSERT INTO `province_city_district` VALUES ('32', '0', '江苏');
INSERT INTO `province_city_district` VALUES ('33', '0', '浙江');
INSERT INTO `province_city_district` VALUES ('34', '0', '安徽');
INSERT INTO `province_city_district` VALUES ('35', '0', '福建');
INSERT INTO `province_city_district` VALUES ('36', '0', '江西');
INSERT INTO `province_city_district` VALUES ('37', '0', '山东');
INSERT INTO `province_city_district` VALUES ('41', '0', '河南');
INSERT INTO `province_city_district` VALUES ('42', '0', '湖北');
INSERT INTO `province_city_district` VALUES ('43', '0', '湖南');
INSERT INTO `province_city_district` VALUES ('44', '0', '广东');
INSERT INTO `province_city_district` VALUES ('45', '0', '广西');
INSERT INTO `province_city_district` VALUES ('46', '0', '海南');
INSERT INTO `province_city_district` VALUES ('50', '0', '重庆');
INSERT INTO `province_city_district` VALUES ('51', '0', '四川');
INSERT INTO `province_city_district` VALUES ('52', '0', '贵州');
INSERT INTO `province_city_district` VALUES ('53', '0', '云南');
INSERT INTO `province_city_district` VALUES ('54', '0', '西藏');
INSERT INTO `province_city_district` VALUES ('61', '0', '陕西');
INSERT INTO `province_city_district` VALUES ('62', '0', '甘肃');
INSERT INTO `province_city_district` VALUES ('63', '0', '青海');
INSERT INTO `province_city_district` VALUES ('64', '0', '宁夏');
INSERT INTO `province_city_district` VALUES ('65', '0', '新疆');
INSERT INTO `province_city_district` VALUES ('71', '0', '台湾');
INSERT INTO `province_city_district` VALUES ('81', '0', '香港');
INSERT INTO `province_city_district` VALUES ('91', '0', '澳门');
INSERT INTO `province_city_district` VALUES ('1101', '11', '北京市辖');
INSERT INTO `province_city_district` VALUES ('1102', '11', '北京县辖');
INSERT INTO `province_city_district` VALUES ('1201', '12', '天津市辖');
INSERT INTO `province_city_district` VALUES ('1202', '12', '天津县辖');
INSERT INTO `province_city_district` VALUES ('1301', '13', '石家庄');
INSERT INTO `province_city_district` VALUES ('1302', '13', '唐山');
INSERT INTO `province_city_district` VALUES ('1303', '13', '秦皇岛');
INSERT INTO `province_city_district` VALUES ('1304', '13', '邯郸');
INSERT INTO `province_city_district` VALUES ('1305', '13', '邢台');
INSERT INTO `province_city_district` VALUES ('1306', '13', '保定');
INSERT INTO `province_city_district` VALUES ('1307', '13', '张家口');
INSERT INTO `province_city_district` VALUES ('1308', '13', '承德');
INSERT INTO `province_city_district` VALUES ('1309', '13', '沧州');
INSERT INTO `province_city_district` VALUES ('1310', '13', '廊坊');
INSERT INTO `province_city_district` VALUES ('1311', '13', '衡水');
INSERT INTO `province_city_district` VALUES ('1401', '14', '太原');
INSERT INTO `province_city_district` VALUES ('1402', '14', '大同');
INSERT INTO `province_city_district` VALUES ('1403', '14', '阳泉');
INSERT INTO `province_city_district` VALUES ('1404', '14', '长治');
INSERT INTO `province_city_district` VALUES ('1405', '14', '晋城');
INSERT INTO `province_city_district` VALUES ('1406', '14', '朔州');
INSERT INTO `province_city_district` VALUES ('1407', '14', '晋中');
INSERT INTO `province_city_district` VALUES ('1408', '14', '运城');
INSERT INTO `province_city_district` VALUES ('1409', '14', '忻州');
INSERT INTO `province_city_district` VALUES ('1410', '14', '临汾');
INSERT INTO `province_city_district` VALUES ('1423', '14', '吕梁地区');
INSERT INTO `province_city_district` VALUES ('1501', '15', '呼和浩特');
INSERT INTO `province_city_district` VALUES ('1502', '15', '包头');
INSERT INTO `province_city_district` VALUES ('1503', '15', '乌海');
INSERT INTO `province_city_district` VALUES ('1504', '15', '赤峰');
INSERT INTO `province_city_district` VALUES ('1505', '15', '通辽');
INSERT INTO `province_city_district` VALUES ('1521', '15', '呼伦贝尔盟');
INSERT INTO `province_city_district` VALUES ('1522', '15', '兴安盟');
INSERT INTO `province_city_district` VALUES ('1525', '15', '锡林郭勒盟');
INSERT INTO `province_city_district` VALUES ('1526', '15', '乌兰察布盟');
INSERT INTO `province_city_district` VALUES ('1527', '15', '伊克昭盟');
INSERT INTO `province_city_district` VALUES ('1528', '15', '巴彦淖尔盟');
INSERT INTO `province_city_district` VALUES ('1529', '15', '阿拉善盟');
INSERT INTO `province_city_district` VALUES ('2101', '21', '沈阳');
INSERT INTO `province_city_district` VALUES ('2102', '21', '大连');
INSERT INTO `province_city_district` VALUES ('2103', '21', '鞍山');
INSERT INTO `province_city_district` VALUES ('2104', '21', '抚顺');
INSERT INTO `province_city_district` VALUES ('2105', '21', '本溪');
INSERT INTO `province_city_district` VALUES ('2106', '21', '丹东');
INSERT INTO `province_city_district` VALUES ('2107', '21', '锦州');
INSERT INTO `province_city_district` VALUES ('2108', '21', '营口');
INSERT INTO `province_city_district` VALUES ('2109', '21', '阜新');
INSERT INTO `province_city_district` VALUES ('2110', '21', '辽阳');
INSERT INTO `province_city_district` VALUES ('2111', '21', '盘锦');
INSERT INTO `province_city_district` VALUES ('2112', '21', '铁岭');
INSERT INTO `province_city_district` VALUES ('2113', '21', '朝阳');
INSERT INTO `province_city_district` VALUES ('2114', '21', '葫芦岛');
INSERT INTO `province_city_district` VALUES ('2201', '22', '长春');
INSERT INTO `province_city_district` VALUES ('2202', '22', '吉林');
INSERT INTO `province_city_district` VALUES ('2203', '22', '四平');
INSERT INTO `province_city_district` VALUES ('2204', '22', '辽源');
INSERT INTO `province_city_district` VALUES ('2205', '22', '通化');
INSERT INTO `province_city_district` VALUES ('2206', '22', '白山');
INSERT INTO `province_city_district` VALUES ('2207', '22', '松原');
INSERT INTO `province_city_district` VALUES ('2208', '22', '白城');
INSERT INTO `province_city_district` VALUES ('2224', '22', '延边朝鲜族自治州');
INSERT INTO `province_city_district` VALUES ('2301', '23', '哈尔滨');
INSERT INTO `province_city_district` VALUES ('2302', '23', '齐齐哈尔');
INSERT INTO `province_city_district` VALUES ('2303', '23', '鸡西');
INSERT INTO `province_city_district` VALUES ('2304', '23', '鹤岗');
INSERT INTO `province_city_district` VALUES ('2305', '23', '双鸭山');
INSERT INTO `province_city_district` VALUES ('2306', '23', '大庆');
INSERT INTO `province_city_district` VALUES ('2307', '23', '伊春');
INSERT INTO `province_city_district` VALUES ('2308', '23', '佳木斯');
INSERT INTO `province_city_district` VALUES ('2309', '23', '七台河');
INSERT INTO `province_city_district` VALUES ('2310', '23', '牡丹江');
INSERT INTO `province_city_district` VALUES ('2311', '23', '黑河');
INSERT INTO `province_city_district` VALUES ('2312', '23', '绥化');
INSERT INTO `province_city_district` VALUES ('2327', '23', '大兴安岭地区');
INSERT INTO `province_city_district` VALUES ('3101', '31', '上海市辖');
INSERT INTO `province_city_district` VALUES ('3102', '31', '上海县辖');
INSERT INTO `province_city_district` VALUES ('3201', '32', '南京');
INSERT INTO `province_city_district` VALUES ('3202', '32', '无锡');
INSERT INTO `province_city_district` VALUES ('3203', '32', '徐州');
INSERT INTO `province_city_district` VALUES ('3204', '32', '常州');
INSERT INTO `province_city_district` VALUES ('3205', '32', '苏州');
INSERT INTO `province_city_district` VALUES ('3206', '32', '南通');
INSERT INTO `province_city_district` VALUES ('3207', '32', '连云港');
INSERT INTO `province_city_district` VALUES ('3208', '32', '淮安');
INSERT INTO `province_city_district` VALUES ('3209', '32', '盐城');
INSERT INTO `province_city_district` VALUES ('3210', '32', '扬州');
INSERT INTO `province_city_district` VALUES ('3211', '32', '镇江');
INSERT INTO `province_city_district` VALUES ('3212', '32', '泰州');
INSERT INTO `province_city_district` VALUES ('3213', '32', '宿迁');
INSERT INTO `province_city_district` VALUES ('3301', '33', '杭州');
INSERT INTO `province_city_district` VALUES ('3302', '33', '宁波');
INSERT INTO `province_city_district` VALUES ('3303', '33', '温州');
INSERT INTO `province_city_district` VALUES ('3304', '33', '嘉兴');
INSERT INTO `province_city_district` VALUES ('3305', '33', '湖州');
INSERT INTO `province_city_district` VALUES ('3306', '33', '绍兴');
INSERT INTO `province_city_district` VALUES ('3307', '33', '金华');
INSERT INTO `province_city_district` VALUES ('3308', '33', '衢州');
INSERT INTO `province_city_district` VALUES ('3309', '33', '舟山');
INSERT INTO `province_city_district` VALUES ('3310', '33', '台州');
INSERT INTO `province_city_district` VALUES ('3311', '33', '丽水');
INSERT INTO `province_city_district` VALUES ('3401', '34', '合肥');
INSERT INTO `province_city_district` VALUES ('3402', '34', '芜湖');
INSERT INTO `province_city_district` VALUES ('3403', '34', '蚌埠');
INSERT INTO `province_city_district` VALUES ('3404', '34', '淮南');
INSERT INTO `province_city_district` VALUES ('3405', '34', '马鞍山');
INSERT INTO `province_city_district` VALUES ('3406', '34', '淮北');
INSERT INTO `province_city_district` VALUES ('3407', '34', '铜陵');
INSERT INTO `province_city_district` VALUES ('3408', '34', '安庆');
INSERT INTO `province_city_district` VALUES ('3410', '34', '黄山');
INSERT INTO `province_city_district` VALUES ('3411', '34', '滁州');
INSERT INTO `province_city_district` VALUES ('3412', '34', '阜阳');
INSERT INTO `province_city_district` VALUES ('3413', '34', '宿州');
INSERT INTO `province_city_district` VALUES ('3414', '34', '巢湖');
INSERT INTO `province_city_district` VALUES ('3415', '34', '六安');
INSERT INTO `province_city_district` VALUES ('3416', '34', '亳州');
INSERT INTO `province_city_district` VALUES ('3417', '34', '池州');
INSERT INTO `province_city_district` VALUES ('3418', '34', '宣城');
INSERT INTO `province_city_district` VALUES ('3501', '35', '福州');
INSERT INTO `province_city_district` VALUES ('3502', '35', '厦门');
INSERT INTO `province_city_district` VALUES ('3503', '35', '莆田');
INSERT INTO `province_city_district` VALUES ('3504', '35', '三明');
INSERT INTO `province_city_district` VALUES ('3505', '35', '泉州');
INSERT INTO `province_city_district` VALUES ('3506', '35', '漳州');
INSERT INTO `province_city_district` VALUES ('3507', '35', '南平');
INSERT INTO `province_city_district` VALUES ('3508', '35', '龙岩');
INSERT INTO `province_city_district` VALUES ('3509', '35', '宁德');
INSERT INTO `province_city_district` VALUES ('3601', '36', '南昌');
INSERT INTO `province_city_district` VALUES ('3602', '36', '景德镇');
INSERT INTO `province_city_district` VALUES ('3603', '36', '萍乡');
INSERT INTO `province_city_district` VALUES ('3604', '36', '九江');
INSERT INTO `province_city_district` VALUES ('3605', '36', '新余');
INSERT INTO `province_city_district` VALUES ('3606', '36', '鹰潭');
INSERT INTO `province_city_district` VALUES ('3607', '36', '赣州');
INSERT INTO `province_city_district` VALUES ('3608', '36', '吉安');
INSERT INTO `province_city_district` VALUES ('3609', '36', '宜春');
INSERT INTO `province_city_district` VALUES ('3610', '36', '抚州');
INSERT INTO `province_city_district` VALUES ('3611', '36', '上饶');
INSERT INTO `province_city_district` VALUES ('3701', '37', '济南');
INSERT INTO `province_city_district` VALUES ('3702', '37', '青岛');
INSERT INTO `province_city_district` VALUES ('3703', '37', '淄博');
INSERT INTO `province_city_district` VALUES ('3704', '37', '枣庄');
INSERT INTO `province_city_district` VALUES ('3705', '37', '东营');
INSERT INTO `province_city_district` VALUES ('3706', '37', '烟台');
INSERT INTO `province_city_district` VALUES ('3707', '37', '潍坊');
INSERT INTO `province_city_district` VALUES ('3708', '37', '济宁');
INSERT INTO `province_city_district` VALUES ('3709', '37', '泰安');
INSERT INTO `province_city_district` VALUES ('3710', '37', '威海');
INSERT INTO `province_city_district` VALUES ('3711', '37', '日照');
INSERT INTO `province_city_district` VALUES ('3712', '37', '莱芜');
INSERT INTO `province_city_district` VALUES ('3713', '37', '临沂');
INSERT INTO `province_city_district` VALUES ('3714', '37', '德州');
INSERT INTO `province_city_district` VALUES ('3715', '37', '聊城');
INSERT INTO `province_city_district` VALUES ('3716', '37', '滨州');
INSERT INTO `province_city_district` VALUES ('3717', '37', '菏泽');
INSERT INTO `province_city_district` VALUES ('4101', '41', '郑州');
INSERT INTO `province_city_district` VALUES ('4102', '41', '开封');
INSERT INTO `province_city_district` VALUES ('4103', '41', '洛阳');
INSERT INTO `province_city_district` VALUES ('4104', '41', '平顶山');
INSERT INTO `province_city_district` VALUES ('4105', '41', '安阳');
INSERT INTO `province_city_district` VALUES ('4106', '41', '鹤壁');
INSERT INTO `province_city_district` VALUES ('4107', '41', '新乡');
INSERT INTO `province_city_district` VALUES ('4108', '41', '焦作');
INSERT INTO `province_city_district` VALUES ('4109', '41', '濮阳');
INSERT INTO `province_city_district` VALUES ('4110', '41', '许昌');
INSERT INTO `province_city_district` VALUES ('4111', '41', '漯河');
INSERT INTO `province_city_district` VALUES ('4112', '41', '三门峡');
INSERT INTO `province_city_district` VALUES ('4113', '41', '南阳');
INSERT INTO `province_city_district` VALUES ('4114', '41', '商丘');
INSERT INTO `province_city_district` VALUES ('4115', '41', '信阳');
INSERT INTO `province_city_district` VALUES ('4116', '41', '周口');
INSERT INTO `province_city_district` VALUES ('4117', '41', '驻马店');
INSERT INTO `province_city_district` VALUES ('4201', '42', '武汉');
INSERT INTO `province_city_district` VALUES ('4202', '42', '黄石');
INSERT INTO `province_city_district` VALUES ('4203', '42', '十堰');
INSERT INTO `province_city_district` VALUES ('4205', '42', '宜昌');
INSERT INTO `province_city_district` VALUES ('4206', '42', '襄樊');
INSERT INTO `province_city_district` VALUES ('4207', '42', '鄂州');
INSERT INTO `province_city_district` VALUES ('4208', '42', '荆门');
INSERT INTO `province_city_district` VALUES ('4209', '42', '孝感');
INSERT INTO `province_city_district` VALUES ('4210', '42', '荆州');
INSERT INTO `province_city_district` VALUES ('4211', '42', '黄冈');
INSERT INTO `province_city_district` VALUES ('4212', '42', '咸宁');
INSERT INTO `province_city_district` VALUES ('4213', '42', '随州');
INSERT INTO `province_city_district` VALUES ('4228', '42', '恩施土家族苗族自治州');
INSERT INTO `province_city_district` VALUES ('4290', '42', '省直辖行政单位');
INSERT INTO `province_city_district` VALUES ('4301', '43', '长沙');
INSERT INTO `province_city_district` VALUES ('4302', '43', '株洲');
INSERT INTO `province_city_district` VALUES ('4303', '43', '湘潭');
INSERT INTO `province_city_district` VALUES ('4304', '43', '衡阳');
INSERT INTO `province_city_district` VALUES ('4305', '43', '邵阳');
INSERT INTO `province_city_district` VALUES ('4306', '43', '岳阳');
INSERT INTO `province_city_district` VALUES ('4307', '43', '常德');
INSERT INTO `province_city_district` VALUES ('4308', '43', '张家界');
INSERT INTO `province_city_district` VALUES ('4309', '43', '益阳');
INSERT INTO `province_city_district` VALUES ('4310', '43', '郴州');
INSERT INTO `province_city_district` VALUES ('4311', '43', '永州');
INSERT INTO `province_city_district` VALUES ('4312', '43', '怀化');
INSERT INTO `province_city_district` VALUES ('4313', '43', '娄底');
INSERT INTO `province_city_district` VALUES ('4331', '43', '湘西土家族苗族自治州');
INSERT INTO `province_city_district` VALUES ('4401', '44', '广州');
INSERT INTO `province_city_district` VALUES ('4402', '44', '韶关');
INSERT INTO `province_city_district` VALUES ('4403', '44', '深圳');
INSERT INTO `province_city_district` VALUES ('4404', '44', '珠海');
INSERT INTO `province_city_district` VALUES ('4405', '44', '汕头');
INSERT INTO `province_city_district` VALUES ('4406', '44', '佛山');
INSERT INTO `province_city_district` VALUES ('4407', '44', '江门');
INSERT INTO `province_city_district` VALUES ('4408', '44', '湛江');
INSERT INTO `province_city_district` VALUES ('4409', '44', '茂名');
INSERT INTO `province_city_district` VALUES ('4412', '44', '肇庆');
INSERT INTO `province_city_district` VALUES ('4413', '44', '惠州');
INSERT INTO `province_city_district` VALUES ('4414', '44', '梅州');
INSERT INTO `province_city_district` VALUES ('4415', '44', '汕尾');
INSERT INTO `province_city_district` VALUES ('4416', '44', '河源');
INSERT INTO `province_city_district` VALUES ('4417', '44', '阳江');
INSERT INTO `province_city_district` VALUES ('4418', '44', '清远');
INSERT INTO `province_city_district` VALUES ('4419', '44', '东莞');
INSERT INTO `province_city_district` VALUES ('4420', '44', '中山');
INSERT INTO `province_city_district` VALUES ('4451', '44', '潮州');
INSERT INTO `province_city_district` VALUES ('4452', '44', '揭阳');
INSERT INTO `province_city_district` VALUES ('4453', '44', '云浮');
INSERT INTO `province_city_district` VALUES ('4501', '45', '南宁');
INSERT INTO `province_city_district` VALUES ('4502', '45', '柳州');
INSERT INTO `province_city_district` VALUES ('4503', '45', '桂林');
INSERT INTO `province_city_district` VALUES ('4504', '45', '梧州');
INSERT INTO `province_city_district` VALUES ('4505', '45', '北海');
INSERT INTO `province_city_district` VALUES ('4506', '45', '防城港');
INSERT INTO `province_city_district` VALUES ('4507', '45', '钦州');
INSERT INTO `province_city_district` VALUES ('4508', '45', '贵港');
INSERT INTO `province_city_district` VALUES ('4509', '45', '玉林');
INSERT INTO `province_city_district` VALUES ('4521', '45', '南宁地区');
INSERT INTO `province_city_district` VALUES ('4522', '45', '柳州地区');
INSERT INTO `province_city_district` VALUES ('4524', '45', '贺州地区');
INSERT INTO `province_city_district` VALUES ('4526', '45', '百色地区');
INSERT INTO `province_city_district` VALUES ('4527', '45', '河池地区');
INSERT INTO `province_city_district` VALUES ('4601', '46', '海南');
INSERT INTO `province_city_district` VALUES ('4602', '46', '海口');
INSERT INTO `province_city_district` VALUES ('4603', '46', '三亚');
INSERT INTO `province_city_district` VALUES ('5001', '50', '重庆市辖');
INSERT INTO `province_city_district` VALUES ('5002', '50', '重庆县辖');
INSERT INTO `province_city_district` VALUES ('5003', '50', '重庆县级');
INSERT INTO `province_city_district` VALUES ('5101', '51', '成都');
INSERT INTO `province_city_district` VALUES ('5103', '51', '自贡');
INSERT INTO `province_city_district` VALUES ('5104', '51', '攀枝花');
INSERT INTO `province_city_district` VALUES ('5105', '51', '泸州');
INSERT INTO `province_city_district` VALUES ('5106', '51', '德阳');
INSERT INTO `province_city_district` VALUES ('5107', '51', '绵阳');
INSERT INTO `province_city_district` VALUES ('5108', '51', '广元');
INSERT INTO `province_city_district` VALUES ('5109', '51', '遂宁');
INSERT INTO `province_city_district` VALUES ('5110', '51', '内江');
INSERT INTO `province_city_district` VALUES ('5111', '51', '乐山');
INSERT INTO `province_city_district` VALUES ('5113', '51', '南充');
INSERT INTO `province_city_district` VALUES ('5114', '51', '眉山');
INSERT INTO `province_city_district` VALUES ('5115', '51', '宜宾');
INSERT INTO `province_city_district` VALUES ('5116', '51', '广安');
INSERT INTO `province_city_district` VALUES ('5117', '51', '达州');
INSERT INTO `province_city_district` VALUES ('5118', '51', '雅安');
INSERT INTO `province_city_district` VALUES ('5119', '51', '巴中');
INSERT INTO `province_city_district` VALUES ('5120', '51', '资阳');
INSERT INTO `province_city_district` VALUES ('5132', '51', '阿坝藏族羌族自治州');
INSERT INTO `province_city_district` VALUES ('5133', '51', '甘孜藏族自治州');
INSERT INTO `province_city_district` VALUES ('5134', '51', '凉山彝族自治州');
INSERT INTO `province_city_district` VALUES ('5201', '52', '贵阳');
INSERT INTO `province_city_district` VALUES ('5202', '52', '六盘水');
INSERT INTO `province_city_district` VALUES ('5203', '52', '遵义');
INSERT INTO `province_city_district` VALUES ('5204', '52', '安顺');
INSERT INTO `province_city_district` VALUES ('5222', '52', '铜仁地区');
INSERT INTO `province_city_district` VALUES ('5223', '52', '黔西南布依族苗族自治');
INSERT INTO `province_city_district` VALUES ('5224', '52', '毕节地区');
INSERT INTO `province_city_district` VALUES ('5226', '52', '黔东南苗族侗族自治州');
INSERT INTO `province_city_district` VALUES ('5227', '52', '黔南布依族苗族自治州');
INSERT INTO `province_city_district` VALUES ('5301', '53', '昆明');
INSERT INTO `province_city_district` VALUES ('5303', '53', '曲靖');
INSERT INTO `province_city_district` VALUES ('5304', '53', '玉溪');
INSERT INTO `province_city_district` VALUES ('5305', '53', '保山');
INSERT INTO `province_city_district` VALUES ('5321', '53', '昭通地区');
INSERT INTO `province_city_district` VALUES ('5323', '53', '楚雄彝族自治州');
INSERT INTO `province_city_district` VALUES ('5325', '53', '红河哈尼族彝族自治州');
INSERT INTO `province_city_district` VALUES ('5326', '53', '文山壮族苗族自治州');
INSERT INTO `province_city_district` VALUES ('5327', '53', '思茅地区');
INSERT INTO `province_city_district` VALUES ('5328', '53', '西双版纳傣族自治州');
INSERT INTO `province_city_district` VALUES ('5329', '53', '大理白族自治州');
INSERT INTO `province_city_district` VALUES ('5331', '53', '德宏傣族景颇族自治州');
INSERT INTO `province_city_district` VALUES ('5332', '53', '丽江地区');
INSERT INTO `province_city_district` VALUES ('5333', '53', '怒江傈僳族自治州');
INSERT INTO `province_city_district` VALUES ('5334', '53', '迪庆藏族自治州');
INSERT INTO `province_city_district` VALUES ('5335', '53', '临沧地区');
INSERT INTO `province_city_district` VALUES ('5401', '54', '拉萨');
INSERT INTO `province_city_district` VALUES ('5421', '54', '昌都地区');
INSERT INTO `province_city_district` VALUES ('5422', '54', '山南地区');
INSERT INTO `province_city_district` VALUES ('5423', '54', '日喀则地区');
INSERT INTO `province_city_district` VALUES ('5424', '54', '那曲地区');
INSERT INTO `province_city_district` VALUES ('5425', '54', '阿里地区');
INSERT INTO `province_city_district` VALUES ('5426', '54', '林芝地区');
INSERT INTO `province_city_district` VALUES ('6101', '61', '西安');
INSERT INTO `province_city_district` VALUES ('6102', '61', '铜川');
INSERT INTO `province_city_district` VALUES ('6103', '61', '宝鸡');
INSERT INTO `province_city_district` VALUES ('6104', '61', '咸阳');
INSERT INTO `province_city_district` VALUES ('6105', '61', '渭南');
INSERT INTO `province_city_district` VALUES ('6106', '61', '延安');
INSERT INTO `province_city_district` VALUES ('6107', '61', '汉中');
INSERT INTO `province_city_district` VALUES ('6108', '61', '榆林');
INSERT INTO `province_city_district` VALUES ('6109', '61', '安康');
INSERT INTO `province_city_district` VALUES ('6125', '61', '商洛地区');
INSERT INTO `province_city_district` VALUES ('6201', '62', '兰州');
INSERT INTO `province_city_district` VALUES ('6202', '62', '嘉峪关');
INSERT INTO `province_city_district` VALUES ('6203', '62', '金昌');
INSERT INTO `province_city_district` VALUES ('6204', '62', '白银');
INSERT INTO `province_city_district` VALUES ('6205', '62', '天水');
INSERT INTO `province_city_district` VALUES ('6221', '62', '酒泉地区');
INSERT INTO `province_city_district` VALUES ('6222', '62', '张掖地区');
INSERT INTO `province_city_district` VALUES ('6223', '62', '武威地区');
INSERT INTO `province_city_district` VALUES ('6224', '62', '定西地区');
INSERT INTO `province_city_district` VALUES ('6226', '62', '陇南地区');
INSERT INTO `province_city_district` VALUES ('6227', '62', '平凉地区');
INSERT INTO `province_city_district` VALUES ('6228', '62', '庆阳地区');
INSERT INTO `province_city_district` VALUES ('6229', '62', '临夏回族自治州');
INSERT INTO `province_city_district` VALUES ('6230', '62', '甘南藏族自治州');
INSERT INTO `province_city_district` VALUES ('6301', '63', '西宁');
INSERT INTO `province_city_district` VALUES ('6321', '63', '海东地区');
INSERT INTO `province_city_district` VALUES ('6322', '63', '海北藏族自治州');
INSERT INTO `province_city_district` VALUES ('6323', '63', '黄南藏族自治州');
INSERT INTO `province_city_district` VALUES ('6325', '63', '海南藏族自治州');
INSERT INTO `province_city_district` VALUES ('6326', '63', '果洛藏族自治州');
INSERT INTO `province_city_district` VALUES ('6327', '63', '玉树藏族自治州');
INSERT INTO `province_city_district` VALUES ('6328', '63', '海西蒙古族藏族自治州');
INSERT INTO `province_city_district` VALUES ('6401', '64', '银川');
INSERT INTO `province_city_district` VALUES ('6402', '64', '石嘴山');
INSERT INTO `province_city_district` VALUES ('6403', '64', '吴忠');
INSERT INTO `province_city_district` VALUES ('6422', '64', '固原地区');
INSERT INTO `province_city_district` VALUES ('6501', '65', '乌鲁木齐');
INSERT INTO `province_city_district` VALUES ('6502', '65', '克拉玛依');
INSERT INTO `province_city_district` VALUES ('6521', '65', '吐鲁番地区');
INSERT INTO `province_city_district` VALUES ('6522', '65', '哈密地区');
INSERT INTO `province_city_district` VALUES ('6523', '65', '昌吉回族自治州');
INSERT INTO `province_city_district` VALUES ('6527', '65', '博尔塔拉蒙古自治州');
INSERT INTO `province_city_district` VALUES ('6528', '65', '巴音郭楞蒙古自治州');
INSERT INTO `province_city_district` VALUES ('6529', '65', '阿克苏地区');
INSERT INTO `province_city_district` VALUES ('6530', '65', '克孜勒苏柯尔克孜自治');
INSERT INTO `province_city_district` VALUES ('6531', '65', '喀什地区');
INSERT INTO `province_city_district` VALUES ('6532', '65', '和田地区');
INSERT INTO `province_city_district` VALUES ('6540', '65', '伊犁哈萨克自治州');
INSERT INTO `province_city_district` VALUES ('6541', '65', '伊犁地区');
INSERT INTO `province_city_district` VALUES ('6542', '65', '塔城地区');
INSERT INTO `province_city_district` VALUES ('6543', '65', '阿勒泰地区');
INSERT INTO `province_city_district` VALUES ('6590', '65', '省直辖行政单位');
INSERT INTO `province_city_district` VALUES ('7101', '71', '台湾市辖');
INSERT INTO `province_city_district` VALUES ('8101', '81', '香港特区');
INSERT INTO `province_city_district` VALUES ('9101', '91', '澳门特区');
INSERT INTO `province_city_district` VALUES ('110101', '1101', '东城区');
INSERT INTO `province_city_district` VALUES ('110102', '1101', '西城区');
INSERT INTO `province_city_district` VALUES ('110103', '1101', '崇文区');
INSERT INTO `province_city_district` VALUES ('110104', '1101', '宣武区');
INSERT INTO `province_city_district` VALUES ('110105', '1101', '朝阳区');
INSERT INTO `province_city_district` VALUES ('110106', '1101', '丰台区');
INSERT INTO `province_city_district` VALUES ('110107', '1101', '石景山区');
INSERT INTO `province_city_district` VALUES ('110108', '1101', '海淀区');
INSERT INTO `province_city_district` VALUES ('110109', '1101', '门头沟区');
INSERT INTO `province_city_district` VALUES ('110111', '1101', '房山区');
INSERT INTO `province_city_district` VALUES ('110112', '1101', '通州区');
INSERT INTO `province_city_district` VALUES ('110113', '1101', '顺义区');
INSERT INTO `province_city_district` VALUES ('110114', '1101', '昌平区');
INSERT INTO `province_city_district` VALUES ('110224', '1102', '大兴县');
INSERT INTO `province_city_district` VALUES ('110226', '1102', '平谷县');
INSERT INTO `province_city_district` VALUES ('110227', '1102', '怀柔县');
INSERT INTO `province_city_district` VALUES ('110228', '1102', '密云县');
INSERT INTO `province_city_district` VALUES ('110229', '1102', '延庆县');
INSERT INTO `province_city_district` VALUES ('120101', '1201', '和平区');
INSERT INTO `province_city_district` VALUES ('120102', '1201', '河东区');
INSERT INTO `province_city_district` VALUES ('120103', '1201', '河西区');
INSERT INTO `province_city_district` VALUES ('120104', '1201', '南开区');
INSERT INTO `province_city_district` VALUES ('120105', '1201', '河北区');
INSERT INTO `province_city_district` VALUES ('120106', '1201', '红桥区');
INSERT INTO `province_city_district` VALUES ('120107', '1201', '塘沽区');
INSERT INTO `province_city_district` VALUES ('120108', '1201', '汉沽区');
INSERT INTO `province_city_district` VALUES ('120109', '1201', '大港区');
INSERT INTO `province_city_district` VALUES ('120110', '1201', '东丽区');
INSERT INTO `province_city_district` VALUES ('120111', '1201', '西青区');
INSERT INTO `province_city_district` VALUES ('120112', '1201', '津南区');
INSERT INTO `province_city_district` VALUES ('120113', '1201', '北辰区');
INSERT INTO `province_city_district` VALUES ('120114', '1201', '武清区');
INSERT INTO `province_city_district` VALUES ('120221', '1202', '宁河县');
INSERT INTO `province_city_district` VALUES ('120223', '1202', '静海县');
INSERT INTO `province_city_district` VALUES ('120224', '1202', '宝坻县');
INSERT INTO `province_city_district` VALUES ('120225', '1202', '蓟  县');
INSERT INTO `province_city_district` VALUES ('130101', '1301', '市辖区');
INSERT INTO `province_city_district` VALUES ('130102', '1301', '长安区');
INSERT INTO `province_city_district` VALUES ('130103', '1301', '桥东区');
INSERT INTO `province_city_district` VALUES ('130104', '1301', '桥西区');
INSERT INTO `province_city_district` VALUES ('130105', '1301', '新华区');
INSERT INTO `province_city_district` VALUES ('130106', '1301', '郊  区');
INSERT INTO `province_city_district` VALUES ('130107', '1301', '井陉矿区');
INSERT INTO `province_city_district` VALUES ('130121', '1301', '井陉县');
INSERT INTO `province_city_district` VALUES ('130123', '1301', '正定县');
INSERT INTO `province_city_district` VALUES ('130124', '1301', '栾城县');
INSERT INTO `province_city_district` VALUES ('130125', '1301', '行唐县');
INSERT INTO `province_city_district` VALUES ('130126', '1301', '灵寿县');
INSERT INTO `province_city_district` VALUES ('130127', '1301', '高邑县');
INSERT INTO `province_city_district` VALUES ('130128', '1301', '深泽县');
INSERT INTO `province_city_district` VALUES ('130129', '1301', '赞皇县');
INSERT INTO `province_city_district` VALUES ('130130', '1301', '无极县');
INSERT INTO `province_city_district` VALUES ('130131', '1301', '平山县');
INSERT INTO `province_city_district` VALUES ('130132', '1301', '元氏县');
INSERT INTO `province_city_district` VALUES ('130133', '1301', '赵  县');
INSERT INTO `province_city_district` VALUES ('130181', '1301', '辛集市');
INSERT INTO `province_city_district` VALUES ('130182', '1301', '藁城市');
INSERT INTO `province_city_district` VALUES ('130183', '1301', '晋州市');
INSERT INTO `province_city_district` VALUES ('130184', '1301', '新乐市');
INSERT INTO `province_city_district` VALUES ('130185', '1301', '鹿泉市');
INSERT INTO `province_city_district` VALUES ('130201', '1302', '市辖区');
INSERT INTO `province_city_district` VALUES ('130202', '1302', '路南区');
INSERT INTO `province_city_district` VALUES ('130203', '1302', '路北区');
INSERT INTO `province_city_district` VALUES ('130204', '1302', '古冶区');
INSERT INTO `province_city_district` VALUES ('130205', '1302', '开平区');
INSERT INTO `province_city_district` VALUES ('130206', '1302', '新  区');
INSERT INTO `province_city_district` VALUES ('130221', '1302', '丰润县');
INSERT INTO `province_city_district` VALUES ('130223', '1302', '滦  县');
INSERT INTO `province_city_district` VALUES ('130224', '1302', '滦南县');
INSERT INTO `province_city_district` VALUES ('130225', '1302', '乐亭县');
INSERT INTO `province_city_district` VALUES ('130227', '1302', '迁西县');
INSERT INTO `province_city_district` VALUES ('130229', '1302', '玉田县');
INSERT INTO `province_city_district` VALUES ('130230', '1302', '唐海县');
INSERT INTO `province_city_district` VALUES ('130281', '1302', '遵化市');
INSERT INTO `province_city_district` VALUES ('130282', '1302', '丰南市');
INSERT INTO `province_city_district` VALUES ('130283', '1302', '迁安市');
INSERT INTO `province_city_district` VALUES ('130301', '1303', '市辖区');
INSERT INTO `province_city_district` VALUES ('130302', '1303', '海港区');
INSERT INTO `province_city_district` VALUES ('130303', '1303', '山海关区');
INSERT INTO `province_city_district` VALUES ('130304', '1303', '北戴河区');
INSERT INTO `province_city_district` VALUES ('130321', '1303', '青龙满族自治县');
INSERT INTO `province_city_district` VALUES ('130322', '1303', '昌黎县');
INSERT INTO `province_city_district` VALUES ('130323', '1303', '抚宁县');
INSERT INTO `province_city_district` VALUES ('130324', '1303', '卢龙县');
INSERT INTO `province_city_district` VALUES ('130401', '1304', '市辖区');
INSERT INTO `province_city_district` VALUES ('130402', '1304', '邯山区');
INSERT INTO `province_city_district` VALUES ('130403', '1304', '丛台区');
INSERT INTO `province_city_district` VALUES ('130404', '1304', '复兴区');
INSERT INTO `province_city_district` VALUES ('130406', '1304', '峰峰矿区');
INSERT INTO `province_city_district` VALUES ('130421', '1304', '邯郸县');
INSERT INTO `province_city_district` VALUES ('130423', '1304', '临漳县');
INSERT INTO `province_city_district` VALUES ('130424', '1304', '成安县');
INSERT INTO `province_city_district` VALUES ('130425', '1304', '大名县');
INSERT INTO `province_city_district` VALUES ('130426', '1304', '涉  县');
INSERT INTO `province_city_district` VALUES ('130427', '1304', '磁  县');
INSERT INTO `province_city_district` VALUES ('130428', '1304', '肥乡县');
INSERT INTO `province_city_district` VALUES ('130429', '1304', '永年县');
INSERT INTO `province_city_district` VALUES ('130430', '1304', '邱  县');
INSERT INTO `province_city_district` VALUES ('130431', '1304', '鸡泽县');
INSERT INTO `province_city_district` VALUES ('130432', '1304', '广平县');
INSERT INTO `province_city_district` VALUES ('130433', '1304', '馆陶县');
INSERT INTO `province_city_district` VALUES ('130434', '1304', '魏  县');
INSERT INTO `province_city_district` VALUES ('130435', '1304', '曲周县');
INSERT INTO `province_city_district` VALUES ('130481', '1304', '武安市');
INSERT INTO `province_city_district` VALUES ('130501', '1305', '市辖区');
INSERT INTO `province_city_district` VALUES ('130502', '1305', '桥东区');
INSERT INTO `province_city_district` VALUES ('130503', '1305', '桥西区');
INSERT INTO `province_city_district` VALUES ('130521', '1305', '邢台县');
INSERT INTO `province_city_district` VALUES ('130522', '1305', '临城县');
INSERT INTO `province_city_district` VALUES ('130523', '1305', '内丘县');
INSERT INTO `province_city_district` VALUES ('130524', '1305', '柏乡县');
INSERT INTO `province_city_district` VALUES ('130525', '1305', '隆尧县');
INSERT INTO `province_city_district` VALUES ('130526', '1305', '任  县');
INSERT INTO `province_city_district` VALUES ('130527', '1305', '南和县');
INSERT INTO `province_city_district` VALUES ('130528', '1305', '宁晋县');
INSERT INTO `province_city_district` VALUES ('130529', '1305', '巨鹿县');
INSERT INTO `province_city_district` VALUES ('130530', '1305', '新河县');
INSERT INTO `province_city_district` VALUES ('130531', '1305', '广宗县');
INSERT INTO `province_city_district` VALUES ('130532', '1305', '平乡县');
INSERT INTO `province_city_district` VALUES ('130533', '1305', '威  县');
INSERT INTO `province_city_district` VALUES ('130534', '1305', '清河县');
INSERT INTO `province_city_district` VALUES ('130535', '1305', '临西县');
INSERT INTO `province_city_district` VALUES ('130581', '1305', '南宫市');
INSERT INTO `province_city_district` VALUES ('130582', '1305', '沙河市');
INSERT INTO `province_city_district` VALUES ('130601', '1306', '市辖区');
INSERT INTO `province_city_district` VALUES ('130602', '1306', '新市区');
INSERT INTO `province_city_district` VALUES ('130603', '1306', '北市区');
INSERT INTO `province_city_district` VALUES ('130604', '1306', '南市区');
INSERT INTO `province_city_district` VALUES ('130621', '1306', '满城县');
INSERT INTO `province_city_district` VALUES ('130622', '1306', '清苑县');
INSERT INTO `province_city_district` VALUES ('130623', '1306', '涞水县');
INSERT INTO `province_city_district` VALUES ('130624', '1306', '阜平县');
INSERT INTO `province_city_district` VALUES ('130625', '1306', '徐水县');
INSERT INTO `province_city_district` VALUES ('130626', '1306', '定兴县');
INSERT INTO `province_city_district` VALUES ('130627', '1306', '唐  县');
INSERT INTO `province_city_district` VALUES ('130628', '1306', '高阳县');
INSERT INTO `province_city_district` VALUES ('130629', '1306', '容城县');
INSERT INTO `province_city_district` VALUES ('130630', '1306', '涞源县');
INSERT INTO `province_city_district` VALUES ('130631', '1306', '望都县');
INSERT INTO `province_city_district` VALUES ('130632', '1306', '安新县');
INSERT INTO `province_city_district` VALUES ('130633', '1306', '易  县');
INSERT INTO `province_city_district` VALUES ('130634', '1306', '曲阳县');
INSERT INTO `province_city_district` VALUES ('130635', '1306', '蠡  县');
INSERT INTO `province_city_district` VALUES ('130636', '1306', '顺平县');
INSERT INTO `province_city_district` VALUES ('130637', '1306', '博野县');
INSERT INTO `province_city_district` VALUES ('130638', '1306', '雄  县');
INSERT INTO `province_city_district` VALUES ('130681', '1306', '涿州市');
INSERT INTO `province_city_district` VALUES ('130682', '1306', '定州市');
INSERT INTO `province_city_district` VALUES ('130683', '1306', '安国市');
INSERT INTO `province_city_district` VALUES ('130684', '1306', '高碑店市');
INSERT INTO `province_city_district` VALUES ('130701', '1307', '市辖区');
INSERT INTO `province_city_district` VALUES ('130702', '1307', '桥东区');
INSERT INTO `province_city_district` VALUES ('130703', '1307', '桥西区');
INSERT INTO `province_city_district` VALUES ('130705', '1307', '宣化区');
INSERT INTO `province_city_district` VALUES ('130706', '1307', '下花园区');
INSERT INTO `province_city_district` VALUES ('130721', '1307', '宣化县');
INSERT INTO `province_city_district` VALUES ('130722', '1307', '张北县');
INSERT INTO `province_city_district` VALUES ('130723', '1307', '康保县');
INSERT INTO `province_city_district` VALUES ('130724', '1307', '沽源县');
INSERT INTO `province_city_district` VALUES ('130725', '1307', '尚义县');
INSERT INTO `province_city_district` VALUES ('130726', '1307', '蔚  县');
INSERT INTO `province_city_district` VALUES ('130727', '1307', '阳原县');
INSERT INTO `province_city_district` VALUES ('130728', '1307', '怀安县');
INSERT INTO `province_city_district` VALUES ('130729', '1307', '万全县');
INSERT INTO `province_city_district` VALUES ('130730', '1307', '怀来县');
INSERT INTO `province_city_district` VALUES ('130731', '1307', '涿鹿县');
INSERT INTO `province_city_district` VALUES ('130732', '1307', '赤城县');
INSERT INTO `province_city_district` VALUES ('130733', '1307', '崇礼县');
INSERT INTO `province_city_district` VALUES ('130801', '1308', '市辖区');
INSERT INTO `province_city_district` VALUES ('130802', '1308', '双桥区');
INSERT INTO `province_city_district` VALUES ('130803', '1308', '双滦区');
INSERT INTO `province_city_district` VALUES ('130804', '1308', '鹰手营子矿区');
INSERT INTO `province_city_district` VALUES ('130821', '1308', '承德县');
INSERT INTO `province_city_district` VALUES ('130822', '1308', '兴隆县');
INSERT INTO `province_city_district` VALUES ('130823', '1308', '平泉县');
INSERT INTO `province_city_district` VALUES ('130824', '1308', '滦平县');
INSERT INTO `province_city_district` VALUES ('130825', '1308', '隆化县');
INSERT INTO `province_city_district` VALUES ('130826', '1308', '丰宁满族自治县');
INSERT INTO `province_city_district` VALUES ('130827', '1308', '宽城满族自治县');
INSERT INTO `province_city_district` VALUES ('130828', '1308', '围场满族蒙古族自治县');
INSERT INTO `province_city_district` VALUES ('130901', '1309', '市辖区');
INSERT INTO `province_city_district` VALUES ('130902', '1309', '新华区');
INSERT INTO `province_city_district` VALUES ('130903', '1309', '运河区');
INSERT INTO `province_city_district` VALUES ('130921', '1309', '沧  县');
INSERT INTO `province_city_district` VALUES ('130922', '1309', '青  县');
INSERT INTO `province_city_district` VALUES ('130923', '1309', '东光县');
INSERT INTO `province_city_district` VALUES ('130924', '1309', '海兴县');
INSERT INTO `province_city_district` VALUES ('130925', '1309', '盐山县');
INSERT INTO `province_city_district` VALUES ('130926', '1309', '肃宁县');
INSERT INTO `province_city_district` VALUES ('130927', '1309', '南皮县');
INSERT INTO `province_city_district` VALUES ('130928', '1309', '吴桥县');
INSERT INTO `province_city_district` VALUES ('130929', '1309', '献  县');
INSERT INTO `province_city_district` VALUES ('130930', '1309', '孟村回族自治县');
INSERT INTO `province_city_district` VALUES ('130981', '1309', '泊头市');
INSERT INTO `province_city_district` VALUES ('130982', '1309', '任丘市');
INSERT INTO `province_city_district` VALUES ('130983', '1309', '黄骅市');
INSERT INTO `province_city_district` VALUES ('130984', '1309', '河间市');
INSERT INTO `province_city_district` VALUES ('131001', '1310', '市辖区');
INSERT INTO `province_city_district` VALUES ('131002', '1310', '安次区');
INSERT INTO `province_city_district` VALUES ('131003', '1310', '廊坊市广阳区');
INSERT INTO `province_city_district` VALUES ('131022', '1310', '固安县');
INSERT INTO `province_city_district` VALUES ('131023', '1310', '永清县');
INSERT INTO `province_city_district` VALUES ('131024', '1310', '香河县');
INSERT INTO `province_city_district` VALUES ('131025', '1310', '大城县');
INSERT INTO `province_city_district` VALUES ('131026', '1310', '文安县');
INSERT INTO `province_city_district` VALUES ('131028', '1310', '大厂回族自治县');
INSERT INTO `province_city_district` VALUES ('131081', '1310', '霸州市');
INSERT INTO `province_city_district` VALUES ('131082', '1310', '三河市');
INSERT INTO `province_city_district` VALUES ('131101', '1311', '市辖区');
INSERT INTO `province_city_district` VALUES ('131102', '1311', '桃城区');
INSERT INTO `province_city_district` VALUES ('131121', '1311', '枣强县');
INSERT INTO `province_city_district` VALUES ('131122', '1311', '武邑县');
INSERT INTO `province_city_district` VALUES ('131123', '1311', '武强县');
INSERT INTO `province_city_district` VALUES ('131124', '1311', '饶阳县');
INSERT INTO `province_city_district` VALUES ('131125', '1311', '安平县');
INSERT INTO `province_city_district` VALUES ('131126', '1311', '故城县');
INSERT INTO `province_city_district` VALUES ('131127', '1311', '景  县');
INSERT INTO `province_city_district` VALUES ('131128', '1311', '阜城县');
INSERT INTO `province_city_district` VALUES ('131181', '1311', '冀州市');
INSERT INTO `province_city_district` VALUES ('131182', '1311', '深州市');
INSERT INTO `province_city_district` VALUES ('140101', '1401', '市辖区');
INSERT INTO `province_city_district` VALUES ('140105', '1401', '小店区');
INSERT INTO `province_city_district` VALUES ('140106', '1401', '迎泽区');
INSERT INTO `province_city_district` VALUES ('140107', '1401', '杏花岭区');
INSERT INTO `province_city_district` VALUES ('140108', '1401', '尖草坪区');
INSERT INTO `province_city_district` VALUES ('140109', '1401', '万柏林区');
INSERT INTO `province_city_district` VALUES ('140110', '1401', '晋源区');
INSERT INTO `province_city_district` VALUES ('140121', '1401', '清徐县');
INSERT INTO `province_city_district` VALUES ('140122', '1401', '阳曲县');
INSERT INTO `province_city_district` VALUES ('140123', '1401', '娄烦县');
INSERT INTO `province_city_district` VALUES ('140181', '1401', '古交市');
INSERT INTO `province_city_district` VALUES ('140201', '1402', '市辖区');
INSERT INTO `province_city_district` VALUES ('140202', '1402', '城  区');
INSERT INTO `province_city_district` VALUES ('140203', '1402', '矿  区');
INSERT INTO `province_city_district` VALUES ('140211', '1402', '南郊区');
INSERT INTO `province_city_district` VALUES ('140212', '1402', '新荣区');
INSERT INTO `province_city_district` VALUES ('140221', '1402', '阳高县');
INSERT INTO `province_city_district` VALUES ('140222', '1402', '天镇县');
INSERT INTO `province_city_district` VALUES ('140223', '1402', '广灵县');
INSERT INTO `province_city_district` VALUES ('140224', '1402', '灵丘县');
INSERT INTO `province_city_district` VALUES ('140225', '1402', '浑源县');
INSERT INTO `province_city_district` VALUES ('140226', '1402', '左云县');
INSERT INTO `province_city_district` VALUES ('140227', '1402', '大同县');
INSERT INTO `province_city_district` VALUES ('140301', '1403', '市辖区');
INSERT INTO `province_city_district` VALUES ('140302', '1403', '城  区');
INSERT INTO `province_city_district` VALUES ('140303', '1403', '矿  区');
INSERT INTO `province_city_district` VALUES ('140311', '1403', '郊  区');
INSERT INTO `province_city_district` VALUES ('140321', '1403', '平定县');
INSERT INTO `province_city_district` VALUES ('140322', '1403', '盂  县');
INSERT INTO `province_city_district` VALUES ('140401', '1404', '市辖区');
INSERT INTO `province_city_district` VALUES ('140402', '1404', '城  区');
INSERT INTO `province_city_district` VALUES ('140411', '1404', '郊  区');
INSERT INTO `province_city_district` VALUES ('140421', '1404', '长治县');
INSERT INTO `province_city_district` VALUES ('140423', '1404', '襄垣县');
INSERT INTO `province_city_district` VALUES ('140424', '1404', '屯留县');
INSERT INTO `province_city_district` VALUES ('140425', '1404', '平顺县');
INSERT INTO `province_city_district` VALUES ('140426', '1404', '黎城县');
INSERT INTO `province_city_district` VALUES ('140427', '1404', '壶关县');
INSERT INTO `province_city_district` VALUES ('140428', '1404', '长子县');
INSERT INTO `province_city_district` VALUES ('140429', '1404', '武乡县');
INSERT INTO `province_city_district` VALUES ('140430', '1404', '沁  县');
INSERT INTO `province_city_district` VALUES ('140431', '1404', '沁源县');
INSERT INTO `province_city_district` VALUES ('140481', '1404', '潞城市');
INSERT INTO `province_city_district` VALUES ('140501', '1405', '市辖区');
INSERT INTO `province_city_district` VALUES ('140502', '1405', '城  区');
INSERT INTO `province_city_district` VALUES ('140521', '1405', '沁水县');
INSERT INTO `province_city_district` VALUES ('140522', '1405', '阳城县');
INSERT INTO `province_city_district` VALUES ('140524', '1405', '陵川县');
INSERT INTO `province_city_district` VALUES ('140525', '1405', '泽州县');
INSERT INTO `province_city_district` VALUES ('140581', '1405', '高平市');
INSERT INTO `province_city_district` VALUES ('140601', '1406', '市辖区');
INSERT INTO `province_city_district` VALUES ('140602', '1406', '朔城区');
INSERT INTO `province_city_district` VALUES ('140603', '1406', '平鲁区');
INSERT INTO `province_city_district` VALUES ('140621', '1406', '山阴县');
INSERT INTO `province_city_district` VALUES ('140622', '1406', '应  县');
INSERT INTO `province_city_district` VALUES ('140623', '1406', '右玉县');
INSERT INTO `province_city_district` VALUES ('140624', '1406', '怀仁县');
INSERT INTO `province_city_district` VALUES ('140701', '1407', '市辖区');
INSERT INTO `province_city_district` VALUES ('140702', '1407', '榆次区');
INSERT INTO `province_city_district` VALUES ('140721', '1407', '榆社县');
INSERT INTO `province_city_district` VALUES ('140722', '1407', '左权县');
INSERT INTO `province_city_district` VALUES ('140723', '1407', '和顺县');
INSERT INTO `province_city_district` VALUES ('140724', '1407', '昔阳县');
INSERT INTO `province_city_district` VALUES ('140725', '1407', '寿阳县');
INSERT INTO `province_city_district` VALUES ('140726', '1407', '太谷县');
INSERT INTO `province_city_district` VALUES ('140727', '1407', '祁  县');
INSERT INTO `province_city_district` VALUES ('140728', '1407', '平遥县');
INSERT INTO `province_city_district` VALUES ('140729', '1407', '灵石县');
INSERT INTO `province_city_district` VALUES ('140781', '1407', '介休市');
INSERT INTO `province_city_district` VALUES ('140801', '1408', '市辖区');
INSERT INTO `province_city_district` VALUES ('140802', '1408', '盐湖区');
INSERT INTO `province_city_district` VALUES ('140821', '1408', '临猗县');
INSERT INTO `province_city_district` VALUES ('140822', '1408', '万荣县');
INSERT INTO `province_city_district` VALUES ('140823', '1408', '闻喜县');
INSERT INTO `province_city_district` VALUES ('140824', '1408', '稷山县');
INSERT INTO `province_city_district` VALUES ('140825', '1408', '新绛县');
INSERT INTO `province_city_district` VALUES ('140826', '1408', '绛  县');
INSERT INTO `province_city_district` VALUES ('140827', '1408', '垣曲县');
INSERT INTO `province_city_district` VALUES ('140828', '1408', '夏  县');
INSERT INTO `province_city_district` VALUES ('140829', '1408', '平陆县');
INSERT INTO `province_city_district` VALUES ('140830', '1408', '芮城县');
INSERT INTO `province_city_district` VALUES ('140881', '1408', '永济市');
INSERT INTO `province_city_district` VALUES ('140882', '1408', '河津市');
INSERT INTO `province_city_district` VALUES ('140901', '1409', '市辖区');
INSERT INTO `province_city_district` VALUES ('140902', '1409', '忻府区');
INSERT INTO `province_city_district` VALUES ('140921', '1409', '定襄县');
INSERT INTO `province_city_district` VALUES ('140922', '1409', '五台县');
INSERT INTO `province_city_district` VALUES ('140923', '1409', '代  县');
INSERT INTO `province_city_district` VALUES ('140924', '1409', '繁峙县');
INSERT INTO `province_city_district` VALUES ('140925', '1409', '宁武县');
INSERT INTO `province_city_district` VALUES ('140926', '1409', '静乐县');
INSERT INTO `province_city_district` VALUES ('140927', '1409', '神池县');
INSERT INTO `province_city_district` VALUES ('140928', '1409', '五寨县');
INSERT INTO `province_city_district` VALUES ('140929', '1409', '岢岚县');
INSERT INTO `province_city_district` VALUES ('140930', '1409', '河曲县');
INSERT INTO `province_city_district` VALUES ('140931', '1409', '保德县');
INSERT INTO `province_city_district` VALUES ('140932', '1409', '偏关县');
INSERT INTO `province_city_district` VALUES ('140981', '1409', '原平市');
INSERT INTO `province_city_district` VALUES ('141001', '1410', '市辖区');
INSERT INTO `province_city_district` VALUES ('141002', '1410', '尧都区');
INSERT INTO `province_city_district` VALUES ('141021', '1410', '曲沃县');
INSERT INTO `province_city_district` VALUES ('141022', '1410', '翼城县');
INSERT INTO `province_city_district` VALUES ('141023', '1410', '襄汾县');
INSERT INTO `province_city_district` VALUES ('141024', '1410', '洪洞县');
INSERT INTO `province_city_district` VALUES ('141025', '1410', '古  县');
INSERT INTO `province_city_district` VALUES ('141026', '1410', '安泽县');
INSERT INTO `province_city_district` VALUES ('141027', '1410', '浮山县');
INSERT INTO `province_city_district` VALUES ('141028', '1410', '吉  县');
INSERT INTO `province_city_district` VALUES ('141029', '1410', '乡宁县');
INSERT INTO `province_city_district` VALUES ('141030', '1410', '大宁县');
INSERT INTO `province_city_district` VALUES ('141031', '1410', '隰  县');
INSERT INTO `province_city_district` VALUES ('141032', '1410', '永和县');
INSERT INTO `province_city_district` VALUES ('141033', '1410', '蒲  县');
INSERT INTO `province_city_district` VALUES ('141034', '1410', '汾西县');
INSERT INTO `province_city_district` VALUES ('141081', '1410', '侯马市');
INSERT INTO `province_city_district` VALUES ('141082', '1410', '霍州市');
INSERT INTO `province_city_district` VALUES ('142301', '1423', '孝义市');
INSERT INTO `province_city_district` VALUES ('142302', '1423', '离石市');
INSERT INTO `province_city_district` VALUES ('142303', '1423', '汾阳市');
INSERT INTO `province_city_district` VALUES ('142322', '1423', '文水县');
INSERT INTO `province_city_district` VALUES ('142323', '1423', '交城县');
INSERT INTO `province_city_district` VALUES ('142325', '1423', '兴  县');
INSERT INTO `province_city_district` VALUES ('142326', '1423', '临  县');
INSERT INTO `province_city_district` VALUES ('142327', '1423', '柳林县');
INSERT INTO `province_city_district` VALUES ('142328', '1423', '石楼县');
INSERT INTO `province_city_district` VALUES ('142329', '1423', '岚  县');
INSERT INTO `province_city_district` VALUES ('142330', '1423', '方山县');
INSERT INTO `province_city_district` VALUES ('142332', '1423', '中阳县');
INSERT INTO `province_city_district` VALUES ('142333', '1423', '交口县');
INSERT INTO `province_city_district` VALUES ('150101', '1501', '市辖区');
INSERT INTO `province_city_district` VALUES ('150102', '1501', '新城区');
INSERT INTO `province_city_district` VALUES ('150103', '1501', '回民区');
INSERT INTO `province_city_district` VALUES ('150104', '1501', '玉泉区');
INSERT INTO `province_city_district` VALUES ('150105', '1501', '赛罕区');
INSERT INTO `province_city_district` VALUES ('150121', '1501', '土默特左旗');
INSERT INTO `province_city_district` VALUES ('150122', '1501', '托克托县');
INSERT INTO `province_city_district` VALUES ('150123', '1501', '和林格尔县');
INSERT INTO `province_city_district` VALUES ('150124', '1501', '清水河县');
INSERT INTO `province_city_district` VALUES ('150125', '1501', '武川县');
INSERT INTO `province_city_district` VALUES ('150201', '1502', '市辖区');
INSERT INTO `province_city_district` VALUES ('150202', '1502', '东河区');
INSERT INTO `province_city_district` VALUES ('150203', '1502', '昆都伦区');
INSERT INTO `province_city_district` VALUES ('150204', '1502', '青山区');
INSERT INTO `province_city_district` VALUES ('150205', '1502', '石拐区');
INSERT INTO `province_city_district` VALUES ('150206', '1502', '白云矿区');
INSERT INTO `province_city_district` VALUES ('150207', '1502', '九原区');
INSERT INTO `province_city_district` VALUES ('150221', '1502', '土默特右旗');
INSERT INTO `province_city_district` VALUES ('150222', '1502', '固阳县');
INSERT INTO `province_city_district` VALUES ('150223', '1502', '达尔罕茂明安联合旗');
INSERT INTO `province_city_district` VALUES ('150301', '1503', '市辖区');
INSERT INTO `province_city_district` VALUES ('150302', '1503', '海勃湾区');
INSERT INTO `province_city_district` VALUES ('150303', '1503', '海南区');
INSERT INTO `province_city_district` VALUES ('150304', '1503', '乌达区');
INSERT INTO `province_city_district` VALUES ('150401', '1504', '市辖区');
INSERT INTO `province_city_district` VALUES ('150402', '1504', '红山区');
INSERT INTO `province_city_district` VALUES ('150403', '1504', '元宝山区');
INSERT INTO `province_city_district` VALUES ('150404', '1504', '松山区');
INSERT INTO `province_city_district` VALUES ('150421', '1504', '阿鲁科尔沁旗');
INSERT INTO `province_city_district` VALUES ('150422', '1504', '巴林左旗');
INSERT INTO `province_city_district` VALUES ('150423', '1504', '巴林右旗');
INSERT INTO `province_city_district` VALUES ('150424', '1504', '林西县');
INSERT INTO `province_city_district` VALUES ('150425', '1504', '克什克腾旗');
INSERT INTO `province_city_district` VALUES ('150426', '1504', '翁牛特旗');
INSERT INTO `province_city_district` VALUES ('150428', '1504', '喀喇沁旗');
INSERT INTO `province_city_district` VALUES ('150429', '1504', '宁城县');
INSERT INTO `province_city_district` VALUES ('150430', '1504', '敖汉旗');
INSERT INTO `province_city_district` VALUES ('150501', '1505', '市辖区');
INSERT INTO `province_city_district` VALUES ('150502', '1505', '科尔沁区');
INSERT INTO `province_city_district` VALUES ('150521', '1505', '科尔沁左翼中旗');
INSERT INTO `province_city_district` VALUES ('150522', '1505', '科尔沁左翼后旗');
INSERT INTO `province_city_district` VALUES ('150523', '1505', '开鲁县');
INSERT INTO `province_city_district` VALUES ('150524', '1505', '库伦旗');
INSERT INTO `province_city_district` VALUES ('150525', '1505', '奈曼旗');
INSERT INTO `province_city_district` VALUES ('150526', '1505', '扎鲁特旗');
INSERT INTO `province_city_district` VALUES ('150581', '1505', '霍林郭勒市');
INSERT INTO `province_city_district` VALUES ('152101', '1521', '海拉尔市');
INSERT INTO `province_city_district` VALUES ('152102', '1521', '满洲里市');
INSERT INTO `province_city_district` VALUES ('152103', '1521', '扎兰屯市');
INSERT INTO `province_city_district` VALUES ('152104', '1521', '牙克石市');
INSERT INTO `province_city_district` VALUES ('152105', '1521', '根河市');
INSERT INTO `province_city_district` VALUES ('152106', '1521', '额尔古纳市');
INSERT INTO `province_city_district` VALUES ('152122', '1521', '阿荣旗');
INSERT INTO `province_city_district` VALUES ('152123', '1521', '莫力达瓦达斡尔族自治');
INSERT INTO `province_city_district` VALUES ('152127', '1521', '鄂伦春自治旗');
INSERT INTO `province_city_district` VALUES ('152128', '1521', '鄂温克族自治旗');
INSERT INTO `province_city_district` VALUES ('152129', '1521', '新巴尔虎右旗');
INSERT INTO `province_city_district` VALUES ('152130', '1521', '新巴尔虎左旗');
INSERT INTO `province_city_district` VALUES ('152131', '1521', '陈巴尔虎旗');
INSERT INTO `province_city_district` VALUES ('152201', '1522', '乌兰浩特市');
INSERT INTO `province_city_district` VALUES ('152202', '1522', '阿尔山市');
INSERT INTO `province_city_district` VALUES ('152221', '1522', '科尔沁右翼前旗');
INSERT INTO `province_city_district` VALUES ('152222', '1522', '科尔沁右翼中旗');
INSERT INTO `province_city_district` VALUES ('152223', '1522', '扎赉特旗');
INSERT INTO `province_city_district` VALUES ('152224', '1522', '突泉县');
INSERT INTO `province_city_district` VALUES ('152501', '1525', '二连浩特市');
INSERT INTO `province_city_district` VALUES ('152502', '1525', '锡林浩特市');
INSERT INTO `province_city_district` VALUES ('152522', '1525', '阿巴嘎旗');
INSERT INTO `province_city_district` VALUES ('152523', '1525', '苏尼特左旗');
INSERT INTO `province_city_district` VALUES ('152524', '1525', '苏尼特右旗');
INSERT INTO `province_city_district` VALUES ('152525', '1525', '东乌珠穆沁旗');
INSERT INTO `province_city_district` VALUES ('152526', '1525', '西乌珠穆沁旗');
INSERT INTO `province_city_district` VALUES ('152527', '1525', '太仆寺旗');
INSERT INTO `province_city_district` VALUES ('152528', '1525', '镶黄旗');
INSERT INTO `province_city_district` VALUES ('152529', '1525', '正镶白旗');
INSERT INTO `province_city_district` VALUES ('152530', '1525', '正蓝旗');
INSERT INTO `province_city_district` VALUES ('152531', '1525', '多伦县');
INSERT INTO `province_city_district` VALUES ('152601', '1526', '集宁市');
INSERT INTO `province_city_district` VALUES ('152602', '1526', '丰镇市');
INSERT INTO `province_city_district` VALUES ('152624', '1526', '卓资县');
INSERT INTO `province_city_district` VALUES ('152625', '1526', '化德县');
INSERT INTO `province_city_district` VALUES ('152626', '1526', '商都县');
INSERT INTO `province_city_district` VALUES ('152627', '1526', '兴和县');
INSERT INTO `province_city_district` VALUES ('152629', '1526', '凉城县');
INSERT INTO `province_city_district` VALUES ('152630', '1526', '察哈尔右翼前旗');
INSERT INTO `province_city_district` VALUES ('152631', '1526', '察哈尔右翼中旗');
INSERT INTO `province_city_district` VALUES ('152632', '1526', '察哈尔右翼后旗');
INSERT INTO `province_city_district` VALUES ('152634', '1526', '四子王旗');
INSERT INTO `province_city_district` VALUES ('152701', '1527', '东胜市');
INSERT INTO `province_city_district` VALUES ('152722', '1527', '达拉特旗');
INSERT INTO `province_city_district` VALUES ('152723', '1527', '准格尔旗');
INSERT INTO `province_city_district` VALUES ('152724', '1527', '鄂托克前旗');
INSERT INTO `province_city_district` VALUES ('152725', '1527', '鄂托克旗');
INSERT INTO `province_city_district` VALUES ('152726', '1527', '杭锦旗');
INSERT INTO `province_city_district` VALUES ('152727', '1527', '乌审旗');
INSERT INTO `province_city_district` VALUES ('152728', '1527', '伊金霍洛旗');
INSERT INTO `province_city_district` VALUES ('152801', '1528', '临河市');
INSERT INTO `province_city_district` VALUES ('152822', '1528', '五原县');
INSERT INTO `province_city_district` VALUES ('152823', '1528', '磴口县');
INSERT INTO `province_city_district` VALUES ('152824', '1528', '乌拉特前旗');
INSERT INTO `province_city_district` VALUES ('152825', '1528', '乌拉特中旗');
INSERT INTO `province_city_district` VALUES ('152826', '1528', '乌拉特后旗');
INSERT INTO `province_city_district` VALUES ('152827', '1528', '杭锦后旗');
INSERT INTO `province_city_district` VALUES ('152921', '1529', '阿拉善左旗');
INSERT INTO `province_city_district` VALUES ('152922', '1529', '阿拉善右旗');
INSERT INTO `province_city_district` VALUES ('152923', '1529', '额济纳旗');
INSERT INTO `province_city_district` VALUES ('210101', '2101', '市辖区');
INSERT INTO `province_city_district` VALUES ('210102', '2101', '和平区');
INSERT INTO `province_city_district` VALUES ('210103', '2101', '沈河区');
INSERT INTO `province_city_district` VALUES ('210104', '2101', '大东区');
INSERT INTO `province_city_district` VALUES ('210105', '2101', '皇姑区');
INSERT INTO `province_city_district` VALUES ('210106', '2101', '铁西区');
INSERT INTO `province_city_district` VALUES ('210111', '2101', '苏家屯区');
INSERT INTO `province_city_district` VALUES ('210112', '2101', '东陵区');
INSERT INTO `province_city_district` VALUES ('210113', '2101', '新城子区');
INSERT INTO `province_city_district` VALUES ('210114', '2101', '于洪区');
INSERT INTO `province_city_district` VALUES ('210122', '2101', '辽中县');
INSERT INTO `province_city_district` VALUES ('210123', '2101', '康平县');
INSERT INTO `province_city_district` VALUES ('210124', '2101', '法库县');
INSERT INTO `province_city_district` VALUES ('210181', '2101', '新民市');
INSERT INTO `province_city_district` VALUES ('210201', '2102', '市辖区');
INSERT INTO `province_city_district` VALUES ('210202', '2102', '中山区');
INSERT INTO `province_city_district` VALUES ('210203', '2102', '西岗区');
INSERT INTO `province_city_district` VALUES ('210204', '2102', '沙河口区');
INSERT INTO `province_city_district` VALUES ('210211', '2102', '甘井子区');
INSERT INTO `province_city_district` VALUES ('210212', '2102', '旅顺口区');
INSERT INTO `province_city_district` VALUES ('210213', '2102', '金州区');
INSERT INTO `province_city_district` VALUES ('210224', '2102', '长海县');
INSERT INTO `province_city_district` VALUES ('210281', '2102', '瓦房店市');
INSERT INTO `province_city_district` VALUES ('210282', '2102', '普兰店市');
INSERT INTO `province_city_district` VALUES ('210283', '2102', '庄河市');
INSERT INTO `province_city_district` VALUES ('210301', '2103', '市辖区');
INSERT INTO `province_city_district` VALUES ('210302', '2103', '铁东区');
INSERT INTO `province_city_district` VALUES ('210303', '2103', '铁西区');
INSERT INTO `province_city_district` VALUES ('210304', '2103', '立山区');
INSERT INTO `province_city_district` VALUES ('210311', '2103', '千山区');
INSERT INTO `province_city_district` VALUES ('210321', '2103', '台安县');
INSERT INTO `province_city_district` VALUES ('210323', '2103', '岫岩满族自治县');
INSERT INTO `province_city_district` VALUES ('210381', '2103', '海城市');
INSERT INTO `province_city_district` VALUES ('210401', '2104', '市辖区');
INSERT INTO `province_city_district` VALUES ('210402', '2104', '新抚区');
INSERT INTO `province_city_district` VALUES ('210403', '2104', '东洲区');
INSERT INTO `province_city_district` VALUES ('210404', '2104', '望花区');
INSERT INTO `province_city_district` VALUES ('210411', '2104', '顺城区');
INSERT INTO `province_city_district` VALUES ('210421', '2104', '抚顺县');
INSERT INTO `province_city_district` VALUES ('210422', '2104', '新宾满族自治县');
INSERT INTO `province_city_district` VALUES ('210423', '2104', '清原满族自治县');
INSERT INTO `province_city_district` VALUES ('210501', '2105', '市辖区');
INSERT INTO `province_city_district` VALUES ('210502', '2105', '平山区');
INSERT INTO `province_city_district` VALUES ('210503', '2105', '溪湖区');
INSERT INTO `province_city_district` VALUES ('210504', '2105', '明山区');
INSERT INTO `province_city_district` VALUES ('210505', '2105', '南芬区');
INSERT INTO `province_city_district` VALUES ('210521', '2105', '本溪满族自治县');
INSERT INTO `province_city_district` VALUES ('210522', '2105', '桓仁满族自治县');
INSERT INTO `province_city_district` VALUES ('210601', '2106', '市辖区');
INSERT INTO `province_city_district` VALUES ('210602', '2106', '元宝区');
INSERT INTO `province_city_district` VALUES ('210603', '2106', '振兴区');
INSERT INTO `province_city_district` VALUES ('210604', '2106', '振安区');
INSERT INTO `province_city_district` VALUES ('210624', '2106', '宽甸满族自治县');
INSERT INTO `province_city_district` VALUES ('210681', '2106', '东港市');
INSERT INTO `province_city_district` VALUES ('210682', '2106', '凤城市');
INSERT INTO `province_city_district` VALUES ('210701', '2107', '市辖区');
INSERT INTO `province_city_district` VALUES ('210702', '2107', '古塔区');
INSERT INTO `province_city_district` VALUES ('210703', '2107', '凌河区');
INSERT INTO `province_city_district` VALUES ('210711', '2107', '太和区');
INSERT INTO `province_city_district` VALUES ('210726', '2107', '黑山县');
INSERT INTO `province_city_district` VALUES ('210727', '2107', '义  县');
INSERT INTO `province_city_district` VALUES ('210781', '2107', '凌海市');
INSERT INTO `province_city_district` VALUES ('210782', '2107', '北宁市');
INSERT INTO `province_city_district` VALUES ('210801', '2108', '市辖区');
INSERT INTO `province_city_district` VALUES ('210802', '2108', '站前区');
INSERT INTO `province_city_district` VALUES ('210803', '2108', '西市区');
INSERT INTO `province_city_district` VALUES ('210804', '2108', '鲅鱼圈区');
INSERT INTO `province_city_district` VALUES ('210811', '2108', '老边区');
INSERT INTO `province_city_district` VALUES ('210881', '2108', '盖州市');
INSERT INTO `province_city_district` VALUES ('210882', '2108', '大石桥市');
INSERT INTO `province_city_district` VALUES ('210901', '2109', '市辖区');
INSERT INTO `province_city_district` VALUES ('210902', '2109', '海州区');
INSERT INTO `province_city_district` VALUES ('210903', '2109', '新邱区');
INSERT INTO `province_city_district` VALUES ('210904', '2109', '太平区');
INSERT INTO `province_city_district` VALUES ('210905', '2109', '清河门区');
INSERT INTO `province_city_district` VALUES ('210911', '2109', '细河区');
INSERT INTO `province_city_district` VALUES ('210921', '2109', '阜新蒙古族自治县');
INSERT INTO `province_city_district` VALUES ('210922', '2109', '彰武县');
INSERT INTO `province_city_district` VALUES ('211001', '2110', '市辖区');
INSERT INTO `province_city_district` VALUES ('211002', '2110', '白塔区');
INSERT INTO `province_city_district` VALUES ('211003', '2110', '文圣区');
INSERT INTO `province_city_district` VALUES ('211004', '2110', '宏伟区');
INSERT INTO `province_city_district` VALUES ('211005', '2110', '弓长岭区');
INSERT INTO `province_city_district` VALUES ('211011', '2110', '太子河区');
INSERT INTO `province_city_district` VALUES ('211021', '2110', '辽阳县');
INSERT INTO `province_city_district` VALUES ('211081', '2110', '灯塔市');
INSERT INTO `province_city_district` VALUES ('211101', '2111', '市辖区');
INSERT INTO `province_city_district` VALUES ('211102', '2111', '双台子区');
INSERT INTO `province_city_district` VALUES ('211103', '2111', '兴隆台区');
INSERT INTO `province_city_district` VALUES ('211121', '2111', '大洼县');
INSERT INTO `province_city_district` VALUES ('211122', '2111', '盘山县');
INSERT INTO `province_city_district` VALUES ('211201', '2112', '市辖区');
INSERT INTO `province_city_district` VALUES ('211202', '2112', '银州区');
INSERT INTO `province_city_district` VALUES ('211204', '2112', '清河区');
INSERT INTO `province_city_district` VALUES ('211221', '2112', '铁岭县');
INSERT INTO `province_city_district` VALUES ('211223', '2112', '西丰县');
INSERT INTO `province_city_district` VALUES ('211224', '2112', '昌图县');
INSERT INTO `province_city_district` VALUES ('211281', '2112', '铁法市');
INSERT INTO `province_city_district` VALUES ('211282', '2112', '开原市');
INSERT INTO `province_city_district` VALUES ('211301', '2113', '市辖区');
INSERT INTO `province_city_district` VALUES ('211302', '2113', '双塔区');
INSERT INTO `province_city_district` VALUES ('211303', '2113', '龙城区');
INSERT INTO `province_city_district` VALUES ('211321', '2113', '朝阳县');
INSERT INTO `province_city_district` VALUES ('211322', '2113', '建平县');
INSERT INTO `province_city_district` VALUES ('211324', '2113', '喀喇沁左翼蒙古族自治');
INSERT INTO `province_city_district` VALUES ('211381', '2113', '北票市');
INSERT INTO `province_city_district` VALUES ('211382', '2113', '凌源市');
INSERT INTO `province_city_district` VALUES ('211401', '2114', '市辖区');
INSERT INTO `province_city_district` VALUES ('211402', '2114', '连山区');
INSERT INTO `province_city_district` VALUES ('211403', '2114', '龙港区');
INSERT INTO `province_city_district` VALUES ('211404', '2114', '南票区');
INSERT INTO `province_city_district` VALUES ('211421', '2114', '绥中县');
INSERT INTO `province_city_district` VALUES ('211422', '2114', '建昌县');
INSERT INTO `province_city_district` VALUES ('211481', '2114', '兴城市');
INSERT INTO `province_city_district` VALUES ('220101', '2201', '市辖区');
INSERT INTO `province_city_district` VALUES ('220102', '2201', '南关区');
INSERT INTO `province_city_district` VALUES ('220103', '2201', '宽城区');
INSERT INTO `province_city_district` VALUES ('220104', '2201', '朝阳区');
INSERT INTO `province_city_district` VALUES ('220105', '2201', '二道区');
INSERT INTO `province_city_district` VALUES ('220106', '2201', '绿园区');
INSERT INTO `province_city_district` VALUES ('220112', '2201', '双阳区');
INSERT INTO `province_city_district` VALUES ('220122', '2201', '农安县');
INSERT INTO `province_city_district` VALUES ('220181', '2201', '九台市');
INSERT INTO `province_city_district` VALUES ('220182', '2201', '榆树市');
INSERT INTO `province_city_district` VALUES ('220183', '2201', '德惠市');
INSERT INTO `province_city_district` VALUES ('220201', '2202', '市辖区');
INSERT INTO `province_city_district` VALUES ('220202', '2202', '昌邑区');
INSERT INTO `province_city_district` VALUES ('220203', '2202', '龙潭区');
INSERT INTO `province_city_district` VALUES ('220204', '2202', '船营区');
INSERT INTO `province_city_district` VALUES ('220211', '2202', '丰满区');
INSERT INTO `province_city_district` VALUES ('220221', '2202', '永吉县');
INSERT INTO `province_city_district` VALUES ('220281', '2202', '蛟河市');
INSERT INTO `province_city_district` VALUES ('220282', '2202', '桦甸市');
INSERT INTO `province_city_district` VALUES ('220283', '2202', '舒兰市');
INSERT INTO `province_city_district` VALUES ('220284', '2202', '磐石市');
INSERT INTO `province_city_district` VALUES ('220301', '2203', '市辖区');
INSERT INTO `province_city_district` VALUES ('220302', '2203', '铁西区');
INSERT INTO `province_city_district` VALUES ('220303', '2203', '铁东区');
INSERT INTO `province_city_district` VALUES ('220322', '2203', '梨树县');
INSERT INTO `province_city_district` VALUES ('220323', '2203', '伊通满族自治县');
INSERT INTO `province_city_district` VALUES ('220381', '2203', '公主岭市');
INSERT INTO `province_city_district` VALUES ('220382', '2203', '双辽市');
INSERT INTO `province_city_district` VALUES ('220401', '2204', '市辖区');
INSERT INTO `province_city_district` VALUES ('220402', '2204', '龙山区');
INSERT INTO `province_city_district` VALUES ('220403', '2204', '西安区');
INSERT INTO `province_city_district` VALUES ('220421', '2204', '东丰县');
INSERT INTO `province_city_district` VALUES ('220422', '2204', '东辽县');
INSERT INTO `province_city_district` VALUES ('220501', '2205', '市辖区');
INSERT INTO `province_city_district` VALUES ('220502', '2205', '东昌区');
INSERT INTO `province_city_district` VALUES ('220503', '2205', '二道江区');
INSERT INTO `province_city_district` VALUES ('220521', '2205', '通化县');
INSERT INTO `province_city_district` VALUES ('220523', '2205', '辉南县');
INSERT INTO `province_city_district` VALUES ('220524', '2205', '柳河县');
INSERT INTO `province_city_district` VALUES ('220581', '2205', '梅河口市');
INSERT INTO `province_city_district` VALUES ('220582', '2205', '集安市');
INSERT INTO `province_city_district` VALUES ('220601', '2206', '市辖区');
INSERT INTO `province_city_district` VALUES ('220602', '2206', '八道江区');
INSERT INTO `province_city_district` VALUES ('220621', '2206', '抚松县');
INSERT INTO `province_city_district` VALUES ('220622', '2206', '靖宇县');
INSERT INTO `province_city_district` VALUES ('220623', '2206', '长白朝鲜族自治县');
INSERT INTO `province_city_district` VALUES ('220625', '2206', '江源县');
INSERT INTO `province_city_district` VALUES ('220681', '2206', '临江市');
INSERT INTO `province_city_district` VALUES ('220701', '2207', '市辖区');
INSERT INTO `province_city_district` VALUES ('220702', '2207', '宁江区');
INSERT INTO `province_city_district` VALUES ('220721', '2207', '前郭尔罗斯蒙古族自治');
INSERT INTO `province_city_district` VALUES ('220722', '2207', '长岭县');
INSERT INTO `province_city_district` VALUES ('220723', '2207', '乾安县');
INSERT INTO `province_city_district` VALUES ('220724', '2207', '扶余县');
INSERT INTO `province_city_district` VALUES ('220801', '2208', '市辖区');
INSERT INTO `province_city_district` VALUES ('220802', '2208', '洮北区');
INSERT INTO `province_city_district` VALUES ('220821', '2208', '镇赉县');
INSERT INTO `province_city_district` VALUES ('220822', '2208', '通榆县');
INSERT INTO `province_city_district` VALUES ('220881', '2208', '洮南市');
INSERT INTO `province_city_district` VALUES ('220882', '2208', '大安市');
INSERT INTO `province_city_district` VALUES ('222401', '2224', '延吉市');
INSERT INTO `province_city_district` VALUES ('222402', '2224', '图们市');
INSERT INTO `province_city_district` VALUES ('222403', '2224', '敦化市');
INSERT INTO `province_city_district` VALUES ('222404', '2224', '珲春市');
INSERT INTO `province_city_district` VALUES ('222405', '2224', '龙井市');
INSERT INTO `province_city_district` VALUES ('222406', '2224', '和龙市');
INSERT INTO `province_city_district` VALUES ('222424', '2224', '汪清县');
INSERT INTO `province_city_district` VALUES ('222426', '2224', '安图县');
INSERT INTO `province_city_district` VALUES ('230101', '2301', '市辖区');
INSERT INTO `province_city_district` VALUES ('230102', '2301', '道里区');
INSERT INTO `province_city_district` VALUES ('230103', '2301', '南岗区');
INSERT INTO `province_city_district` VALUES ('230104', '2301', '道外区');
INSERT INTO `province_city_district` VALUES ('230105', '2301', '太平区');
INSERT INTO `province_city_district` VALUES ('230106', '2301', '香坊区');
INSERT INTO `province_city_district` VALUES ('230107', '2301', '动力区');
INSERT INTO `province_city_district` VALUES ('230108', '2301', '平房区');
INSERT INTO `province_city_district` VALUES ('230121', '2301', '呼兰县');
INSERT INTO `province_city_district` VALUES ('230123', '2301', '依兰县');
INSERT INTO `province_city_district` VALUES ('230124', '2301', '方正县');
INSERT INTO `province_city_district` VALUES ('230125', '2301', '宾  县');
INSERT INTO `province_city_district` VALUES ('230126', '2301', '巴彦县');
INSERT INTO `province_city_district` VALUES ('230127', '2301', '木兰县');
INSERT INTO `province_city_district` VALUES ('230128', '2301', '通河县');
INSERT INTO `province_city_district` VALUES ('230129', '2301', '延寿县');
INSERT INTO `province_city_district` VALUES ('230181', '2301', '阿城市');
INSERT INTO `province_city_district` VALUES ('230182', '2301', '双城市');
INSERT INTO `province_city_district` VALUES ('230183', '2301', '尚志市');
INSERT INTO `province_city_district` VALUES ('230184', '2301', '五常市');
INSERT INTO `province_city_district` VALUES ('230201', '2302', '市辖区');
INSERT INTO `province_city_district` VALUES ('230202', '2302', '龙沙区');
INSERT INTO `province_city_district` VALUES ('230203', '2302', '建华区');
INSERT INTO `province_city_district` VALUES ('230204', '2302', '铁锋区');
INSERT INTO `province_city_district` VALUES ('230205', '2302', '昂昂溪区');
INSERT INTO `province_city_district` VALUES ('230206', '2302', '富拉尔基区');
INSERT INTO `province_city_district` VALUES ('230207', '2302', '碾子山区');
INSERT INTO `province_city_district` VALUES ('230208', '2302', '梅里斯达斡尔族区');
INSERT INTO `province_city_district` VALUES ('230221', '2302', '龙江县');
INSERT INTO `province_city_district` VALUES ('230223', '2302', '依安县');
INSERT INTO `province_city_district` VALUES ('230224', '2302', '泰来县');
INSERT INTO `province_city_district` VALUES ('230225', '2302', '甘南县');
INSERT INTO `province_city_district` VALUES ('230227', '2302', '富裕县');
INSERT INTO `province_city_district` VALUES ('230229', '2302', '克山县');
INSERT INTO `province_city_district` VALUES ('230230', '2302', '克东县');
INSERT INTO `province_city_district` VALUES ('230231', '2302', '拜泉县');
INSERT INTO `province_city_district` VALUES ('230281', '2302', '讷河市');
INSERT INTO `province_city_district` VALUES ('230301', '2303', '市辖区');
INSERT INTO `province_city_district` VALUES ('230302', '2303', '鸡冠区');
INSERT INTO `province_city_district` VALUES ('230303', '2303', '恒山区');
INSERT INTO `province_city_district` VALUES ('230304', '2303', '滴道区');
INSERT INTO `province_city_district` VALUES ('230305', '2303', '梨树区');
INSERT INTO `province_city_district` VALUES ('230306', '2303', '城子河区');
INSERT INTO `province_city_district` VALUES ('230307', '2303', '麻山区');
INSERT INTO `province_city_district` VALUES ('230321', '2303', '鸡东县');
INSERT INTO `province_city_district` VALUES ('230381', '2303', '虎林市');
INSERT INTO `province_city_district` VALUES ('230382', '2303', '密山市');
INSERT INTO `province_city_district` VALUES ('230401', '2304', '市辖区');
INSERT INTO `province_city_district` VALUES ('230402', '2304', '向阳区');
INSERT INTO `province_city_district` VALUES ('230403', '2304', '工农区');
INSERT INTO `province_city_district` VALUES ('230404', '2304', '南山区');
INSERT INTO `province_city_district` VALUES ('230405', '2304', '兴安区');
INSERT INTO `province_city_district` VALUES ('230406', '2304', '东山区');
INSERT INTO `province_city_district` VALUES ('230407', '2304', '兴山区');
INSERT INTO `province_city_district` VALUES ('230421', '2304', '萝北县');
INSERT INTO `province_city_district` VALUES ('230422', '2304', '绥滨县');
INSERT INTO `province_city_district` VALUES ('230501', '2305', '市辖区');
INSERT INTO `province_city_district` VALUES ('230502', '2305', '尖山区');
INSERT INTO `province_city_district` VALUES ('230503', '2305', '岭东区');
INSERT INTO `province_city_district` VALUES ('230505', '2305', '四方台区');
INSERT INTO `province_city_district` VALUES ('230506', '2305', '宝山区');
INSERT INTO `province_city_district` VALUES ('230521', '2305', '集贤县');
INSERT INTO `province_city_district` VALUES ('230522', '2305', '友谊县');
INSERT INTO `province_city_district` VALUES ('230523', '2305', '宝清县');
INSERT INTO `province_city_district` VALUES ('230524', '2305', '饶河县');
INSERT INTO `province_city_district` VALUES ('230601', '2306', '市辖区');
INSERT INTO `province_city_district` VALUES ('230602', '2306', '萨尔图区');
INSERT INTO `province_city_district` VALUES ('230603', '2306', '龙凤区');
INSERT INTO `province_city_district` VALUES ('230604', '2306', '让胡路区');
INSERT INTO `province_city_district` VALUES ('230605', '2306', '红岗区');
INSERT INTO `province_city_district` VALUES ('230606', '2306', '大同区');
INSERT INTO `province_city_district` VALUES ('230621', '2306', '肇州县');
INSERT INTO `province_city_district` VALUES ('230622', '2306', '肇源县');
INSERT INTO `province_city_district` VALUES ('230623', '2306', '林甸县');
INSERT INTO `province_city_district` VALUES ('230624', '2306', '杜尔伯特蒙古族自治县');
INSERT INTO `province_city_district` VALUES ('230701', '2307', '市辖区');
INSERT INTO `province_city_district` VALUES ('230702', '2307', '伊春区');
INSERT INTO `province_city_district` VALUES ('230703', '2307', '南岔区');
INSERT INTO `province_city_district` VALUES ('230704', '2307', '友好区');
INSERT INTO `province_city_district` VALUES ('230705', '2307', '西林区');
INSERT INTO `province_city_district` VALUES ('230706', '2307', '翠峦区');
INSERT INTO `province_city_district` VALUES ('230707', '2307', '新青区');
INSERT INTO `province_city_district` VALUES ('230708', '2307', '美溪区');
INSERT INTO `province_city_district` VALUES ('230709', '2307', '金山屯区');
INSERT INTO `province_city_district` VALUES ('230710', '2307', '五营区');
INSERT INTO `province_city_district` VALUES ('230711', '2307', '乌马河区');
INSERT INTO `province_city_district` VALUES ('230712', '2307', '汤旺河区');
INSERT INTO `province_city_district` VALUES ('230713', '2307', '带岭区');
INSERT INTO `province_city_district` VALUES ('230714', '2307', '乌伊岭区');
INSERT INTO `province_city_district` VALUES ('230715', '2307', '红星区');
INSERT INTO `province_city_district` VALUES ('230716', '2307', '上甘岭区');
INSERT INTO `province_city_district` VALUES ('230722', '2307', '嘉荫县');
INSERT INTO `province_city_district` VALUES ('230781', '2307', '铁力市');
INSERT INTO `province_city_district` VALUES ('230801', '2308', '市辖区');
INSERT INTO `province_city_district` VALUES ('230802', '2308', '永红区');
INSERT INTO `province_city_district` VALUES ('230803', '2308', '向阳区');
INSERT INTO `province_city_district` VALUES ('230804', '2308', '前进区');
INSERT INTO `province_city_district` VALUES ('230805', '2308', '东风区');
INSERT INTO `province_city_district` VALUES ('230811', '2308', '郊  区');
INSERT INTO `province_city_district` VALUES ('230822', '2308', '桦南县');
INSERT INTO `province_city_district` VALUES ('230826', '2308', '桦川县');
INSERT INTO `province_city_district` VALUES ('230828', '2308', '汤原县');
INSERT INTO `province_city_district` VALUES ('230833', '2308', '抚远县');
INSERT INTO `province_city_district` VALUES ('230881', '2308', '同江市');
INSERT INTO `province_city_district` VALUES ('230882', '2308', '富锦市');
INSERT INTO `province_city_district` VALUES ('230901', '2309', '市辖区');
INSERT INTO `province_city_district` VALUES ('230902', '2309', '新兴区');
INSERT INTO `province_city_district` VALUES ('230903', '2309', '桃山区');
INSERT INTO `province_city_district` VALUES ('230904', '2309', '茄子河区');
INSERT INTO `province_city_district` VALUES ('230921', '2309', '勃利县');
INSERT INTO `province_city_district` VALUES ('231001', '2310', '市辖区');
INSERT INTO `province_city_district` VALUES ('231002', '2310', '东安区');
INSERT INTO `province_city_district` VALUES ('231003', '2310', '阳明区');
INSERT INTO `province_city_district` VALUES ('231004', '2310', '爱民区');
INSERT INTO `province_city_district` VALUES ('231005', '2310', '西安区');
INSERT INTO `province_city_district` VALUES ('231024', '2310', '东宁县');
INSERT INTO `province_city_district` VALUES ('231025', '2310', '林口县');
INSERT INTO `province_city_district` VALUES ('231081', '2310', '绥芬河市');
INSERT INTO `province_city_district` VALUES ('231083', '2310', '海林市');
INSERT INTO `province_city_district` VALUES ('231084', '2310', '宁安市');
INSERT INTO `province_city_district` VALUES ('231085', '2310', '穆棱市');
INSERT INTO `province_city_district` VALUES ('231101', '2311', '市辖区');
INSERT INTO `province_city_district` VALUES ('231102', '2311', '爱辉区');
INSERT INTO `province_city_district` VALUES ('231121', '2311', '嫩江县');
INSERT INTO `province_city_district` VALUES ('231123', '2311', '逊克县');
INSERT INTO `province_city_district` VALUES ('231124', '2311', '孙吴县');
INSERT INTO `province_city_district` VALUES ('231181', '2311', '北安市');
INSERT INTO `province_city_district` VALUES ('231182', '2311', '五大连池市');
INSERT INTO `province_city_district` VALUES ('231201', '2312', '市辖区');
INSERT INTO `province_city_district` VALUES ('231202', '2312', '北林区');
INSERT INTO `province_city_district` VALUES ('231221', '2312', '望奎县');
INSERT INTO `province_city_district` VALUES ('231222', '2312', '兰西县');
INSERT INTO `province_city_district` VALUES ('231223', '2312', '青冈县');
INSERT INTO `province_city_district` VALUES ('231224', '2312', '庆安县');
INSERT INTO `province_city_district` VALUES ('231225', '2312', '明水县');
INSERT INTO `province_city_district` VALUES ('231226', '2312', '绥棱县');
INSERT INTO `province_city_district` VALUES ('231281', '2312', '安达市');
INSERT INTO `province_city_district` VALUES ('231282', '2312', '肇东市');
INSERT INTO `province_city_district` VALUES ('231283', '2312', '海伦市');
INSERT INTO `province_city_district` VALUES ('232721', '2327', '呼玛县');
INSERT INTO `province_city_district` VALUES ('232722', '2327', '塔河县');
INSERT INTO `province_city_district` VALUES ('232723', '2327', '漠河县');
INSERT INTO `province_city_district` VALUES ('310101', '3101', '黄浦区');
INSERT INTO `province_city_district` VALUES ('310103', '3101', '卢湾区');
INSERT INTO `province_city_district` VALUES ('310104', '3101', '徐汇区');
INSERT INTO `province_city_district` VALUES ('310105', '3101', '长宁区');
INSERT INTO `province_city_district` VALUES ('310106', '3101', '静安区');
INSERT INTO `province_city_district` VALUES ('310107', '3101', '普陀区');
INSERT INTO `province_city_district` VALUES ('310108', '3101', '闸北区');
INSERT INTO `province_city_district` VALUES ('310109', '3101', '虹口区');
INSERT INTO `province_city_district` VALUES ('310110', '3101', '杨浦区');
INSERT INTO `province_city_district` VALUES ('310112', '3101', '闵行区');
INSERT INTO `province_city_district` VALUES ('310113', '3101', '宝山区');
INSERT INTO `province_city_district` VALUES ('310114', '3101', '嘉定区');
INSERT INTO `province_city_district` VALUES ('310115', '3101', '浦东新区');
INSERT INTO `province_city_district` VALUES ('310116', '3101', '金山区');
INSERT INTO `province_city_district` VALUES ('310117', '3101', '松江区');
INSERT INTO `province_city_district` VALUES ('310118', '3101', '青浦区');
INSERT INTO `province_city_district` VALUES ('310225', '3102', '南汇县');
INSERT INTO `province_city_district` VALUES ('310226', '3102', '奉贤县');
INSERT INTO `province_city_district` VALUES ('310230', '3102', '崇明县');
INSERT INTO `province_city_district` VALUES ('320101', '3201', '市辖区');
INSERT INTO `province_city_district` VALUES ('320102', '3201', '玄武区');
INSERT INTO `province_city_district` VALUES ('320103', '3201', '白下区');
INSERT INTO `province_city_district` VALUES ('320104', '3201', '秦淮区');
INSERT INTO `province_city_district` VALUES ('320105', '3201', '建邺区');
INSERT INTO `province_city_district` VALUES ('320106', '3201', '鼓楼区');
INSERT INTO `province_city_district` VALUES ('320107', '3201', '下关区');
INSERT INTO `province_city_district` VALUES ('320111', '3201', '浦口区');
INSERT INTO `province_city_district` VALUES ('320112', '3201', '大厂区');
INSERT INTO `province_city_district` VALUES ('320113', '3201', '栖霞区');
INSERT INTO `province_city_district` VALUES ('320114', '3201', '雨花台区');
INSERT INTO `province_city_district` VALUES ('320115', '3201', '江宁区');
INSERT INTO `province_city_district` VALUES ('320122', '3201', '江浦县');
INSERT INTO `province_city_district` VALUES ('320123', '3201', '六合县');
INSERT INTO `province_city_district` VALUES ('320124', '3201', '溧水县');
INSERT INTO `province_city_district` VALUES ('320125', '3201', '高淳县');
INSERT INTO `province_city_district` VALUES ('320201', '3202', '市辖区');
INSERT INTO `province_city_district` VALUES ('320202', '3202', '崇安区');
INSERT INTO `province_city_district` VALUES ('320203', '3202', '南长区');
INSERT INTO `province_city_district` VALUES ('320204', '3202', '北塘区');
INSERT INTO `province_city_district` VALUES ('320205', '3202', '锡山区');
INSERT INTO `province_city_district` VALUES ('320206', '3202', '惠山区');
INSERT INTO `province_city_district` VALUES ('320211', '3202', '滨湖区');
INSERT INTO `province_city_district` VALUES ('320281', '3202', '江阴市');
INSERT INTO `province_city_district` VALUES ('320282', '3202', '宜兴市');
INSERT INTO `province_city_district` VALUES ('320301', '3203', '市辖区');
INSERT INTO `province_city_district` VALUES ('320302', '3203', '鼓楼区');
INSERT INTO `province_city_district` VALUES ('320303', '3203', '云龙区');
INSERT INTO `province_city_district` VALUES ('320304', '3203', '九里区');
INSERT INTO `province_city_district` VALUES ('320305', '3203', '贾汪区');
INSERT INTO `province_city_district` VALUES ('320311', '3203', '泉山区');
INSERT INTO `province_city_district` VALUES ('320321', '3203', '丰  县');
INSERT INTO `province_city_district` VALUES ('320322', '3203', '沛  县');
INSERT INTO `province_city_district` VALUES ('320323', '3203', '铜山县');
INSERT INTO `province_city_district` VALUES ('320324', '3203', '睢宁县');
INSERT INTO `province_city_district` VALUES ('320381', '3203', '新沂市');
INSERT INTO `province_city_district` VALUES ('320382', '3203', '邳州市');
INSERT INTO `province_city_district` VALUES ('320401', '3204', '市辖区');
INSERT INTO `province_city_district` VALUES ('320402', '3204', '天宁区');
INSERT INTO `province_city_district` VALUES ('320404', '3204', '钟楼区');
INSERT INTO `province_city_district` VALUES ('320405', '3204', '戚墅堰区');
INSERT INTO `province_city_district` VALUES ('320411', '3204', '郊  区');
INSERT INTO `province_city_district` VALUES ('320481', '3204', '溧阳市');
INSERT INTO `province_city_district` VALUES ('320482', '3204', '金坛市');
INSERT INTO `province_city_district` VALUES ('320483', '3204', '武进市');
INSERT INTO `province_city_district` VALUES ('320501', '3205', '市辖区');
INSERT INTO `province_city_district` VALUES ('320502', '3205', '沧浪区');
INSERT INTO `province_city_district` VALUES ('320503', '3205', '平江区');
INSERT INTO `province_city_district` VALUES ('320504', '3205', '金阊区');
INSERT INTO `province_city_district` VALUES ('320505', '3205', '虎丘区');
INSERT INTO `province_city_district` VALUES ('320506', '3205', '吴中区');
INSERT INTO `province_city_district` VALUES ('320507', '3205', '相城区');
INSERT INTO `province_city_district` VALUES ('320581', '3205', '常熟市');
INSERT INTO `province_city_district` VALUES ('320582', '3205', '张家港市');
INSERT INTO `province_city_district` VALUES ('320583', '3205', '昆山市');
INSERT INTO `province_city_district` VALUES ('320584', '3205', '吴江市');
INSERT INTO `province_city_district` VALUES ('320585', '3205', '太仓市');
INSERT INTO `province_city_district` VALUES ('320601', '3206', '市辖区');
INSERT INTO `province_city_district` VALUES ('320602', '3206', '崇川区');
INSERT INTO `province_city_district` VALUES ('320611', '3206', '港闸区');
INSERT INTO `province_city_district` VALUES ('320621', '3206', '海安县');
INSERT INTO `province_city_district` VALUES ('320623', '3206', '如东县');
INSERT INTO `province_city_district` VALUES ('320681', '3206', '启东市');
INSERT INTO `province_city_district` VALUES ('320682', '3206', '如皋市');
INSERT INTO `province_city_district` VALUES ('320683', '3206', '通州市');
INSERT INTO `province_city_district` VALUES ('320684', '3206', '海门市');
INSERT INTO `province_city_district` VALUES ('320701', '3207', '市辖区');
INSERT INTO `province_city_district` VALUES ('320703', '3207', '连云区');
INSERT INTO `province_city_district` VALUES ('320704', '3207', '云台区');
INSERT INTO `province_city_district` VALUES ('320705', '3207', '新浦区');
INSERT INTO `province_city_district` VALUES ('320706', '3207', '海州区');
INSERT INTO `province_city_district` VALUES ('320721', '3207', '赣榆县');
INSERT INTO `province_city_district` VALUES ('320722', '3207', '东海县');
INSERT INTO `province_city_district` VALUES ('320723', '3207', '灌云县');
INSERT INTO `province_city_district` VALUES ('320724', '3207', '灌南县');
INSERT INTO `province_city_district` VALUES ('320801', '3208', '市辖区');
INSERT INTO `province_city_district` VALUES ('320802', '3208', '清河区');
INSERT INTO `province_city_district` VALUES ('320803', '3208', '楚州区');
INSERT INTO `province_city_district` VALUES ('320804', '3208', '淮阴区');
INSERT INTO `province_city_district` VALUES ('320811', '3208', '清浦区');
INSERT INTO `province_city_district` VALUES ('320826', '3208', '涟水县');
INSERT INTO `province_city_district` VALUES ('320829', '3208', '洪泽县');
INSERT INTO `province_city_district` VALUES ('320830', '3208', '盱眙县');
INSERT INTO `province_city_district` VALUES ('320831', '3208', '金湖县');
INSERT INTO `province_city_district` VALUES ('320901', '3209', '市辖区');
INSERT INTO `province_city_district` VALUES ('320902', '3209', '城  区');
INSERT INTO `province_city_district` VALUES ('320921', '3209', '响水县');
INSERT INTO `province_city_district` VALUES ('320922', '3209', '滨海县');
INSERT INTO `province_city_district` VALUES ('320923', '3209', '阜宁县');
INSERT INTO `province_city_district` VALUES ('320924', '3209', '射阳县');
INSERT INTO `province_city_district` VALUES ('320925', '3209', '建湖县');
INSERT INTO `province_city_district` VALUES ('320928', '3209', '盐都县');
INSERT INTO `province_city_district` VALUES ('320981', '3209', '东台市');
INSERT INTO `province_city_district` VALUES ('320982', '3209', '大丰市');
INSERT INTO `province_city_district` VALUES ('321001', '3210', '市辖区');
INSERT INTO `province_city_district` VALUES ('321002', '3210', '广陵区');
INSERT INTO `province_city_district` VALUES ('321003', '3210', '邗江区');
INSERT INTO `province_city_district` VALUES ('321011', '3210', '郊  区');
INSERT INTO `province_city_district` VALUES ('321023', '3210', '宝应县');
INSERT INTO `province_city_district` VALUES ('321081', '3210', '仪征市');
INSERT INTO `province_city_district` VALUES ('321084', '3210', '高邮市');
INSERT INTO `province_city_district` VALUES ('321088', '3210', '江都市');
INSERT INTO `province_city_district` VALUES ('321101', '3211', '市辖区');
INSERT INTO `province_city_district` VALUES ('321102', '3211', '京口区');
INSERT INTO `province_city_district` VALUES ('321111', '3211', '润州区');
INSERT INTO `province_city_district` VALUES ('321121', '3211', '丹徒县');
INSERT INTO `province_city_district` VALUES ('321181', '3211', '丹阳市');
INSERT INTO `province_city_district` VALUES ('321182', '3211', '扬中市');
INSERT INTO `province_city_district` VALUES ('321183', '3211', '句容市');
INSERT INTO `province_city_district` VALUES ('321201', '3212', '市辖区');
INSERT INTO `province_city_district` VALUES ('321202', '3212', '海陵区');
INSERT INTO `province_city_district` VALUES ('321203', '3212', '高港区');
INSERT INTO `province_city_district` VALUES ('321281', '3212', '兴化市');
INSERT INTO `province_city_district` VALUES ('321282', '3212', '靖江市');
INSERT INTO `province_city_district` VALUES ('321283', '3212', '泰兴市');
INSERT INTO `province_city_district` VALUES ('321284', '3212', '姜堰市');
INSERT INTO `province_city_district` VALUES ('321301', '3213', '市辖区');
INSERT INTO `province_city_district` VALUES ('321302', '3213', '宿城区');
INSERT INTO `province_city_district` VALUES ('321321', '3213', '宿豫县');
INSERT INTO `province_city_district` VALUES ('321322', '3213', '沭阳县');
INSERT INTO `province_city_district` VALUES ('321323', '3213', '泗阳县');
INSERT INTO `province_city_district` VALUES ('321324', '3213', '泗洪县');
INSERT INTO `province_city_district` VALUES ('330101', '3301', '市辖区');
INSERT INTO `province_city_district` VALUES ('330102', '3301', '上城区');
INSERT INTO `province_city_district` VALUES ('330103', '3301', '下城区');
INSERT INTO `province_city_district` VALUES ('330104', '3301', '江干区');
INSERT INTO `province_city_district` VALUES ('330105', '3301', '拱墅区');
INSERT INTO `province_city_district` VALUES ('330106', '3301', '西湖区');
INSERT INTO `province_city_district` VALUES ('330108', '3301', '滨江区');
INSERT INTO `province_city_district` VALUES ('330122', '3301', '桐庐县');
INSERT INTO `province_city_district` VALUES ('330127', '3301', '淳安县');
INSERT INTO `province_city_district` VALUES ('330181', '3301', '萧山市');
INSERT INTO `province_city_district` VALUES ('330182', '3301', '建德市');
INSERT INTO `province_city_district` VALUES ('330183', '3301', '富阳市');
INSERT INTO `province_city_district` VALUES ('330184', '3301', '余杭市');
INSERT INTO `province_city_district` VALUES ('330185', '3301', '临安市');
INSERT INTO `province_city_district` VALUES ('330201', '3302', '市辖区');
INSERT INTO `province_city_district` VALUES ('330203', '3302', '海曙区');
INSERT INTO `province_city_district` VALUES ('330204', '3302', '江东区');
INSERT INTO `province_city_district` VALUES ('330205', '3302', '江北区');
INSERT INTO `province_city_district` VALUES ('330206', '3302', '北仑区');
INSERT INTO `province_city_district` VALUES ('330211', '3302', '镇海区');
INSERT INTO `province_city_district` VALUES ('330225', '3302', '象山县');
INSERT INTO `province_city_district` VALUES ('330226', '3302', '宁海县');
INSERT INTO `province_city_district` VALUES ('330227', '3302', '鄞  县');
INSERT INTO `province_city_district` VALUES ('330281', '3302', '余姚市');
INSERT INTO `province_city_district` VALUES ('330282', '3302', '慈溪市');
INSERT INTO `province_city_district` VALUES ('330283', '3302', '奉化市');
INSERT INTO `province_city_district` VALUES ('330301', '3303', '市辖区');
INSERT INTO `province_city_district` VALUES ('330302', '3303', '鹿城区');
INSERT INTO `province_city_district` VALUES ('330303', '3303', '龙湾区');
INSERT INTO `province_city_district` VALUES ('330304', '3303', '瓯海区');
INSERT INTO `province_city_district` VALUES ('330322', '3303', '洞头县');
INSERT INTO `province_city_district` VALUES ('330324', '3303', '永嘉县');
INSERT INTO `province_city_district` VALUES ('330326', '3303', '平阳县');
INSERT INTO `province_city_district` VALUES ('330327', '3303', '苍南县');
INSERT INTO `province_city_district` VALUES ('330328', '3303', '文成县');
INSERT INTO `province_city_district` VALUES ('330329', '3303', '泰顺县');
INSERT INTO `province_city_district` VALUES ('330381', '3303', '瑞安市');
INSERT INTO `province_city_district` VALUES ('330382', '3303', '乐清市');
INSERT INTO `province_city_district` VALUES ('330401', '3304', '市辖区');
INSERT INTO `province_city_district` VALUES ('330402', '3304', '秀城区');
INSERT INTO `province_city_district` VALUES ('330411', '3304', '秀洲区');
INSERT INTO `province_city_district` VALUES ('330421', '3304', '嘉善县');
INSERT INTO `province_city_district` VALUES ('330424', '3304', '海盐县');
INSERT INTO `province_city_district` VALUES ('330481', '3304', '海宁市');
INSERT INTO `province_city_district` VALUES ('330482', '3304', '平湖市');
INSERT INTO `province_city_district` VALUES ('330483', '3304', '桐乡市');
INSERT INTO `province_city_district` VALUES ('330501', '3305', '市辖区');
INSERT INTO `province_city_district` VALUES ('330521', '3305', '德清县');
INSERT INTO `province_city_district` VALUES ('330522', '3305', '长兴县');
INSERT INTO `province_city_district` VALUES ('330523', '3305', '安吉县');
INSERT INTO `province_city_district` VALUES ('330601', '3306', '市辖区');
INSERT INTO `province_city_district` VALUES ('330602', '3306', '越城区');
INSERT INTO `province_city_district` VALUES ('330621', '3306', '绍兴县');
INSERT INTO `province_city_district` VALUES ('330624', '3306', '新昌县');
INSERT INTO `province_city_district` VALUES ('330681', '3306', '诸暨市');
INSERT INTO `province_city_district` VALUES ('330682', '3306', '上虞市');
INSERT INTO `province_city_district` VALUES ('330683', '3306', '嵊州市');
INSERT INTO `province_city_district` VALUES ('330701', '3307', '市辖区');
INSERT INTO `province_city_district` VALUES ('330702', '3307', '婺城区');
INSERT INTO `province_city_district` VALUES ('330703', '3307', '金东区');
INSERT INTO `province_city_district` VALUES ('330723', '3307', '武义县');
INSERT INTO `province_city_district` VALUES ('330726', '3307', '浦江县');
INSERT INTO `province_city_district` VALUES ('330727', '3307', '磐安县');
INSERT INTO `province_city_district` VALUES ('330781', '3307', '兰溪市');
INSERT INTO `province_city_district` VALUES ('330782', '3307', '义乌市');
INSERT INTO `province_city_district` VALUES ('330783', '3307', '东阳市');
INSERT INTO `province_city_district` VALUES ('330784', '3307', '永康市');
INSERT INTO `province_city_district` VALUES ('330801', '3308', '市辖区');
INSERT INTO `province_city_district` VALUES ('330802', '3308', '柯城区');
INSERT INTO `province_city_district` VALUES ('330821', '3308', '衢  县');
INSERT INTO `province_city_district` VALUES ('330822', '3308', '常山县');
INSERT INTO `province_city_district` VALUES ('330824', '3308', '开化县');
INSERT INTO `province_city_district` VALUES ('330825', '3308', '龙游县');
INSERT INTO `province_city_district` VALUES ('330881', '3308', '江山市');
INSERT INTO `province_city_district` VALUES ('330901', '3309', '市辖区');
INSERT INTO `province_city_district` VALUES ('330902', '3309', '定海区');
INSERT INTO `province_city_district` VALUES ('330903', '3309', '普陀区');
INSERT INTO `province_city_district` VALUES ('330921', '3309', '岱山县');
INSERT INTO `province_city_district` VALUES ('330922', '3309', '嵊泗县');
INSERT INTO `province_city_district` VALUES ('331001', '3310', '市辖区');
INSERT INTO `province_city_district` VALUES ('331002', '3310', '椒江区');
INSERT INTO `province_city_district` VALUES ('331003', '3310', '黄岩区');
INSERT INTO `province_city_district` VALUES ('331004', '3310', '路桥区');
INSERT INTO `province_city_district` VALUES ('331021', '3310', '玉环县');
INSERT INTO `province_city_district` VALUES ('331022', '3310', '三门县');
INSERT INTO `province_city_district` VALUES ('331023', '3310', '天台县');
INSERT INTO `province_city_district` VALUES ('331024', '3310', '仙居县');
INSERT INTO `province_city_district` VALUES ('331081', '3310', '温岭市');
INSERT INTO `province_city_district` VALUES ('331082', '3310', '临海市');
INSERT INTO `province_city_district` VALUES ('331101', '3311', '市辖区');
INSERT INTO `province_city_district` VALUES ('331102', '3311', '莲都区');
INSERT INTO `province_city_district` VALUES ('331121', '3311', '青田县');
INSERT INTO `province_city_district` VALUES ('331122', '3311', '缙云县');
INSERT INTO `province_city_district` VALUES ('331123', '3311', '遂昌县');
INSERT INTO `province_city_district` VALUES ('331124', '3311', '松阳县');
INSERT INTO `province_city_district` VALUES ('331125', '3311', '云和县');
INSERT INTO `province_city_district` VALUES ('331126', '3311', '庆元县');
INSERT INTO `province_city_district` VALUES ('331127', '3311', '景宁畲族自治县');
INSERT INTO `province_city_district` VALUES ('331181', '3311', '龙泉市');
INSERT INTO `province_city_district` VALUES ('340101', '3401', '市辖区');
INSERT INTO `province_city_district` VALUES ('340102', '3401', '东市区');
INSERT INTO `province_city_district` VALUES ('340103', '3401', '中市区');
INSERT INTO `province_city_district` VALUES ('340104', '3401', '西市区');
INSERT INTO `province_city_district` VALUES ('340111', '3401', '郊  区');
INSERT INTO `province_city_district` VALUES ('340121', '3401', '长丰县');
INSERT INTO `province_city_district` VALUES ('340122', '3401', '肥东县');
INSERT INTO `province_city_district` VALUES ('340123', '3401', '肥西县');
INSERT INTO `province_city_district` VALUES ('340201', '3402', '市辖区');
INSERT INTO `province_city_district` VALUES ('340202', '3402', '镜湖区');
INSERT INTO `province_city_district` VALUES ('340203', '3402', '马塘区');
INSERT INTO `province_city_district` VALUES ('340204', '3402', '新芜区');
INSERT INTO `province_city_district` VALUES ('340207', '3402', '鸠江区');
INSERT INTO `province_city_district` VALUES ('340221', '3402', '芜湖县');
INSERT INTO `province_city_district` VALUES ('340222', '3402', '繁昌县');
INSERT INTO `province_city_district` VALUES ('340223', '3402', '南陵县');
INSERT INTO `province_city_district` VALUES ('340301', '3403', '市辖区');
INSERT INTO `province_city_district` VALUES ('340302', '3403', '东市区');
INSERT INTO `province_city_district` VALUES ('340303', '3403', '中市区');
INSERT INTO `province_city_district` VALUES ('340304', '3403', '西市区');
INSERT INTO `province_city_district` VALUES ('340311', '3403', '郊  区');
INSERT INTO `province_city_district` VALUES ('340321', '3403', '怀远县');
INSERT INTO `province_city_district` VALUES ('340322', '3403', '五河县');
INSERT INTO `province_city_district` VALUES ('340323', '3403', '固镇县');
INSERT INTO `province_city_district` VALUES ('340401', '3404', '市辖区');
INSERT INTO `province_city_district` VALUES ('340402', '3404', '大通区');
INSERT INTO `province_city_district` VALUES ('340403', '3404', '田家庵区');
INSERT INTO `province_city_district` VALUES ('340404', '3404', '谢家集区');
INSERT INTO `province_city_district` VALUES ('340405', '3404', '八公山区');
INSERT INTO `province_city_district` VALUES ('340406', '3404', '潘集区');
INSERT INTO `province_city_district` VALUES ('340421', '3404', '凤台县');
INSERT INTO `province_city_district` VALUES ('340501', '3405', '市辖区');
INSERT INTO `province_city_district` VALUES ('340502', '3405', '金家庄区');
INSERT INTO `province_city_district` VALUES ('340503', '3405', '花山区');
INSERT INTO `province_city_district` VALUES ('340504', '3405', '雨山区');
INSERT INTO `province_city_district` VALUES ('340505', '3405', '向山区');
INSERT INTO `province_city_district` VALUES ('340521', '3405', '当涂县');
INSERT INTO `province_city_district` VALUES ('340601', '3406', '市辖区');
INSERT INTO `province_city_district` VALUES ('340602', '3406', '杜集区');
INSERT INTO `province_city_district` VALUES ('340603', '3406', '相山区');
INSERT INTO `province_city_district` VALUES ('340604', '3406', '烈山区');
INSERT INTO `province_city_district` VALUES ('340621', '3406', '濉溪县');
INSERT INTO `province_city_district` VALUES ('340701', '3407', '市辖区');
INSERT INTO `province_city_district` VALUES ('340702', '3407', '铜官山区');
INSERT INTO `province_city_district` VALUES ('340703', '3407', '狮子山区');
INSERT INTO `province_city_district` VALUES ('340711', '3407', '郊  区');
INSERT INTO `province_city_district` VALUES ('340721', '3407', '铜陵县');
INSERT INTO `province_city_district` VALUES ('340801', '3408', '市辖区');
INSERT INTO `province_city_district` VALUES ('340802', '3408', '迎江区');
INSERT INTO `province_city_district` VALUES ('340803', '3408', '大观区');
INSERT INTO `province_city_district` VALUES ('340811', '3408', '郊  区');
INSERT INTO `province_city_district` VALUES ('340822', '3408', '怀宁县');
INSERT INTO `province_city_district` VALUES ('340823', '3408', '枞阳县');
INSERT INTO `province_city_district` VALUES ('340824', '3408', '潜山县');
INSERT INTO `province_city_district` VALUES ('340825', '3408', '太湖县');
INSERT INTO `province_city_district` VALUES ('340826', '3408', '宿松县');
INSERT INTO `province_city_district` VALUES ('340827', '3408', '望江县');
INSERT INTO `province_city_district` VALUES ('340828', '3408', '岳西县');
INSERT INTO `province_city_district` VALUES ('340881', '3408', '桐城市');
INSERT INTO `province_city_district` VALUES ('341001', '3410', '市辖区');
INSERT INTO `province_city_district` VALUES ('341002', '3410', '屯溪区');
INSERT INTO `province_city_district` VALUES ('341003', '3410', '黄山区');
INSERT INTO `province_city_district` VALUES ('341004', '3410', '徽州区');
INSERT INTO `province_city_district` VALUES ('341021', '3410', '歙  县');
INSERT INTO `province_city_district` VALUES ('341022', '3410', '休宁县');
INSERT INTO `province_city_district` VALUES ('341023', '3410', '黟  县');
INSERT INTO `province_city_district` VALUES ('341024', '3410', '祁门县');
INSERT INTO `province_city_district` VALUES ('341101', '3411', '市辖区');
INSERT INTO `province_city_district` VALUES ('341102', '3411', '琅琊区');
INSERT INTO `province_city_district` VALUES ('341103', '3411', '南谯区');
INSERT INTO `province_city_district` VALUES ('341122', '3411', '来安县');
INSERT INTO `province_city_district` VALUES ('341124', '3411', '全椒县');
INSERT INTO `province_city_district` VALUES ('341125', '3411', '定远县');
INSERT INTO `province_city_district` VALUES ('341126', '3411', '凤阳县');
INSERT INTO `province_city_district` VALUES ('341181', '3411', '天长市');
INSERT INTO `province_city_district` VALUES ('341182', '3411', '明光市');
INSERT INTO `province_city_district` VALUES ('341201', '3412', '市辖区');
INSERT INTO `province_city_district` VALUES ('341202', '3412', '颍州区');
INSERT INTO `province_city_district` VALUES ('341203', '3412', '颍东区');
INSERT INTO `province_city_district` VALUES ('341204', '3412', '颍泉区');
INSERT INTO `province_city_district` VALUES ('341221', '3412', '临泉县');
INSERT INTO `province_city_district` VALUES ('341222', '3412', '太和县');
INSERT INTO `province_city_district` VALUES ('341225', '3412', '阜南县');
INSERT INTO `province_city_district` VALUES ('341226', '3412', '颍上县');
INSERT INTO `province_city_district` VALUES ('341282', '3412', '界首市');
INSERT INTO `province_city_district` VALUES ('341301', '3413', '市辖区');
INSERT INTO `province_city_district` VALUES ('341302', '3413', '墉桥区');
INSERT INTO `province_city_district` VALUES ('341321', '3413', '砀山县');
INSERT INTO `province_city_district` VALUES ('341322', '3413', '萧  县');
INSERT INTO `province_city_district` VALUES ('341323', '3413', '灵璧县');
INSERT INTO `province_city_district` VALUES ('341324', '3413', '泗  县');
INSERT INTO `province_city_district` VALUES ('341401', '3414', '市辖区');
INSERT INTO `province_city_district` VALUES ('341402', '3414', '居巢区');
INSERT INTO `province_city_district` VALUES ('341421', '3414', '庐江县');
INSERT INTO `province_city_district` VALUES ('341422', '3414', '无为县');
INSERT INTO `province_city_district` VALUES ('341423', '3414', '含山县');
INSERT INTO `province_city_district` VALUES ('341424', '3414', '和  县');
INSERT INTO `province_city_district` VALUES ('341501', '3415', '市辖区');
INSERT INTO `province_city_district` VALUES ('341502', '3415', '金安区');
INSERT INTO `province_city_district` VALUES ('341503', '3415', '裕安区');
INSERT INTO `province_city_district` VALUES ('341521', '3415', '寿  县');
INSERT INTO `province_city_district` VALUES ('341522', '3415', '霍邱县');
INSERT INTO `province_city_district` VALUES ('341523', '3415', '舒城县');
INSERT INTO `province_city_district` VALUES ('341524', '3415', '金寨县');
INSERT INTO `province_city_district` VALUES ('341525', '3415', '霍山县');
INSERT INTO `province_city_district` VALUES ('341601', '3416', '市辖区');
INSERT INTO `province_city_district` VALUES ('341602', '3416', '谯城区');
INSERT INTO `province_city_district` VALUES ('341621', '3416', '涡阳县');
INSERT INTO `province_city_district` VALUES ('341622', '3416', '蒙城县');
INSERT INTO `province_city_district` VALUES ('341623', '3416', '利辛县');
INSERT INTO `province_city_district` VALUES ('341701', '3417', '市辖区');
INSERT INTO `province_city_district` VALUES ('341702', '3417', '贵池区');
INSERT INTO `province_city_district` VALUES ('341721', '3417', '东至县');
INSERT INTO `province_city_district` VALUES ('341722', '3417', '石台县');
INSERT INTO `province_city_district` VALUES ('341723', '3417', '青阳县');
INSERT INTO `province_city_district` VALUES ('341801', '3418', '市辖区');
INSERT INTO `province_city_district` VALUES ('341802', '3418', '宣州区');
INSERT INTO `province_city_district` VALUES ('341821', '3418', '郎溪县');
INSERT INTO `province_city_district` VALUES ('341822', '3418', '广德县');
INSERT INTO `province_city_district` VALUES ('341823', '3418', '泾  县');
INSERT INTO `province_city_district` VALUES ('341824', '3418', '绩溪县');
INSERT INTO `province_city_district` VALUES ('341825', '3418', '旌德县');
INSERT INTO `province_city_district` VALUES ('341881', '3418', '宁国市');
INSERT INTO `province_city_district` VALUES ('350101', '3501', '市辖区');
INSERT INTO `province_city_district` VALUES ('350102', '3501', '鼓楼区');
INSERT INTO `province_city_district` VALUES ('350103', '3501', '台江区');
INSERT INTO `province_city_district` VALUES ('350104', '3501', '仓山区');
INSERT INTO `province_city_district` VALUES ('350105', '3501', '马尾区');
INSERT INTO `province_city_district` VALUES ('350111', '3501', '晋安区');
INSERT INTO `province_city_district` VALUES ('350121', '3501', '闽侯县');
INSERT INTO `province_city_district` VALUES ('350122', '3501', '连江县');
INSERT INTO `province_city_district` VALUES ('350123', '3501', '罗源县');
INSERT INTO `province_city_district` VALUES ('350124', '3501', '闽清县');
INSERT INTO `province_city_district` VALUES ('350125', '3501', '永泰县');
INSERT INTO `province_city_district` VALUES ('350128', '3501', '平潭县');
INSERT INTO `province_city_district` VALUES ('350181', '3501', '福清市');
INSERT INTO `province_city_district` VALUES ('350182', '3501', '长乐市');
INSERT INTO `province_city_district` VALUES ('350201', '3502', '市辖区');
INSERT INTO `province_city_district` VALUES ('350202', '3502', '鼓浪屿区');
INSERT INTO `province_city_district` VALUES ('350203', '3502', '思明区');
INSERT INTO `province_city_district` VALUES ('350204', '3502', '开元区');
INSERT INTO `province_city_district` VALUES ('350205', '3502', '杏林区');
INSERT INTO `province_city_district` VALUES ('350206', '3502', '湖里区');
INSERT INTO `province_city_district` VALUES ('350211', '3502', '集美区');
INSERT INTO `province_city_district` VALUES ('350212', '3502', '同安区');
INSERT INTO `province_city_district` VALUES ('350301', '3503', '市辖区');
INSERT INTO `province_city_district` VALUES ('350302', '3503', '城厢区');
INSERT INTO `province_city_district` VALUES ('350303', '3503', '涵江区');
INSERT INTO `province_city_district` VALUES ('350321', '3503', '莆田县');
INSERT INTO `province_city_district` VALUES ('350322', '3503', '仙游县');
INSERT INTO `province_city_district` VALUES ('350401', '3504', '市辖区');
INSERT INTO `province_city_district` VALUES ('350402', '3504', '梅列区');
INSERT INTO `province_city_district` VALUES ('350403', '3504', '三元区');
INSERT INTO `province_city_district` VALUES ('350421', '3504', '明溪县');
INSERT INTO `province_city_district` VALUES ('350423', '3504', '清流县');
INSERT INTO `province_city_district` VALUES ('350424', '3504', '宁化县');
INSERT INTO `province_city_district` VALUES ('350425', '3504', '大田县');
INSERT INTO `province_city_district` VALUES ('350426', '3504', '尤溪县');
INSERT INTO `province_city_district` VALUES ('350427', '3504', '沙  县');
INSERT INTO `province_city_district` VALUES ('350428', '3504', '将乐县');
INSERT INTO `province_city_district` VALUES ('350429', '3504', '泰宁县');
INSERT INTO `province_city_district` VALUES ('350430', '3504', '建宁县');
INSERT INTO `province_city_district` VALUES ('350481', '3504', '永安市');
INSERT INTO `province_city_district` VALUES ('350501', '3505', '市辖区');
INSERT INTO `province_city_district` VALUES ('350502', '3505', '鲤城区');
INSERT INTO `province_city_district` VALUES ('350503', '3505', '丰泽区');
INSERT INTO `province_city_district` VALUES ('350504', '3505', '洛江区');
INSERT INTO `province_city_district` VALUES ('350505', '3505', '泉港区');
INSERT INTO `province_city_district` VALUES ('350521', '3505', '惠安县');
INSERT INTO `province_city_district` VALUES ('350524', '3505', '安溪县');
INSERT INTO `province_city_district` VALUES ('350525', '3505', '永春县');
INSERT INTO `province_city_district` VALUES ('350526', '3505', '德化县');
INSERT INTO `province_city_district` VALUES ('350527', '3505', '金门县');
INSERT INTO `province_city_district` VALUES ('350581', '3505', '石狮市');
INSERT INTO `province_city_district` VALUES ('350582', '3505', '晋江市');
INSERT INTO `province_city_district` VALUES ('350583', '3505', '南安市');
INSERT INTO `province_city_district` VALUES ('350601', '3506', '市辖区');
INSERT INTO `province_city_district` VALUES ('350602', '3506', '芗城区');
INSERT INTO `province_city_district` VALUES ('350603', '3506', '龙文区');
INSERT INTO `province_city_district` VALUES ('350622', '3506', '云霄县');
INSERT INTO `province_city_district` VALUES ('350623', '3506', '漳浦县');
INSERT INTO `province_city_district` VALUES ('350624', '3506', '诏安县');
INSERT INTO `province_city_district` VALUES ('350625', '3506', '长泰县');
INSERT INTO `province_city_district` VALUES ('350626', '3506', '东山县');
INSERT INTO `province_city_district` VALUES ('350627', '3506', '南靖县');
INSERT INTO `province_city_district` VALUES ('350628', '3506', '平和县');
INSERT INTO `province_city_district` VALUES ('350629', '3506', '华安县');
INSERT INTO `province_city_district` VALUES ('350681', '3506', '龙海市');
INSERT INTO `province_city_district` VALUES ('350701', '3507', '市辖区');
INSERT INTO `province_city_district` VALUES ('350702', '3507', '延平区');
INSERT INTO `province_city_district` VALUES ('350721', '3507', '顺昌县');
INSERT INTO `province_city_district` VALUES ('350722', '3507', '浦城县');
INSERT INTO `province_city_district` VALUES ('350723', '3507', '光泽县');
INSERT INTO `province_city_district` VALUES ('350724', '3507', '松溪县');
INSERT INTO `province_city_district` VALUES ('350725', '3507', '政和县');
INSERT INTO `province_city_district` VALUES ('350781', '3507', '邵武市');
INSERT INTO `province_city_district` VALUES ('350782', '3507', '武夷山市');
INSERT INTO `province_city_district` VALUES ('350783', '3507', '建瓯市');
INSERT INTO `province_city_district` VALUES ('350784', '3507', '建阳市');
INSERT INTO `province_city_district` VALUES ('350801', '3508', '市辖区');
INSERT INTO `province_city_district` VALUES ('350802', '3508', '新罗区');
INSERT INTO `province_city_district` VALUES ('350821', '3508', '长汀县');
INSERT INTO `province_city_district` VALUES ('350822', '3508', '永定县');
INSERT INTO `province_city_district` VALUES ('350823', '3508', '上杭县');
INSERT INTO `province_city_district` VALUES ('350824', '3508', '武平县');
INSERT INTO `province_city_district` VALUES ('350825', '3508', '连城县');
INSERT INTO `province_city_district` VALUES ('350881', '3508', '漳平市');
INSERT INTO `province_city_district` VALUES ('350901', '3509', '市辖区');
INSERT INTO `province_city_district` VALUES ('350902', '3509', '蕉城区');
INSERT INTO `province_city_district` VALUES ('350921', '3509', '霞浦县');
INSERT INTO `province_city_district` VALUES ('350922', '3509', '古田县');
INSERT INTO `province_city_district` VALUES ('350923', '3509', '屏南县');
INSERT INTO `province_city_district` VALUES ('350924', '3509', '寿宁县');
INSERT INTO `province_city_district` VALUES ('350925', '3509', '周宁县');
INSERT INTO `province_city_district` VALUES ('350926', '3509', '柘荣县');
INSERT INTO `province_city_district` VALUES ('350981', '3509', '福安市');
INSERT INTO `province_city_district` VALUES ('350982', '3509', '福鼎市');
INSERT INTO `province_city_district` VALUES ('360101', '3601', '市辖区');
INSERT INTO `province_city_district` VALUES ('360102', '3601', '东湖区');
INSERT INTO `province_city_district` VALUES ('360103', '3601', '西湖区');
INSERT INTO `province_city_district` VALUES ('360104', '3601', '青云谱区');
INSERT INTO `province_city_district` VALUES ('360105', '3601', '湾里区');
INSERT INTO `province_city_district` VALUES ('360111', '3601', '郊  区');
INSERT INTO `province_city_district` VALUES ('360121', '3601', '南昌县');
INSERT INTO `province_city_district` VALUES ('360122', '3601', '新建县');
INSERT INTO `province_city_district` VALUES ('360123', '3601', '安义县');
INSERT INTO `province_city_district` VALUES ('360124', '3601', '进贤县');
INSERT INTO `province_city_district` VALUES ('360201', '3602', '市辖区');
INSERT INTO `province_city_district` VALUES ('360202', '3602', '昌江区');
INSERT INTO `province_city_district` VALUES ('360203', '3602', '珠山区');
INSERT INTO `province_city_district` VALUES ('360222', '3602', '浮梁县');
INSERT INTO `province_city_district` VALUES ('360281', '3602', '乐平市');
INSERT INTO `province_city_district` VALUES ('360301', '3603', '市辖区');
INSERT INTO `province_city_district` VALUES ('360302', '3603', '安源区');
INSERT INTO `province_city_district` VALUES ('360313', '3603', '湘东区');
INSERT INTO `province_city_district` VALUES ('360321', '3603', '莲花县');
INSERT INTO `province_city_district` VALUES ('360322', '3603', '上栗县');
INSERT INTO `province_city_district` VALUES ('360323', '3603', '芦溪县');
INSERT INTO `province_city_district` VALUES ('360401', '3604', '市辖区');
INSERT INTO `province_city_district` VALUES ('360402', '3604', '庐山区');
INSERT INTO `province_city_district` VALUES ('360403', '3604', '浔阳区');
INSERT INTO `province_city_district` VALUES ('360421', '3604', '九江县');
INSERT INTO `province_city_district` VALUES ('360423', '3604', '武宁县');
INSERT INTO `province_city_district` VALUES ('360424', '3604', '修水县');
INSERT INTO `province_city_district` VALUES ('360425', '3604', '永修县');
INSERT INTO `province_city_district` VALUES ('360426', '3604', '德安县');
INSERT INTO `province_city_district` VALUES ('360427', '3604', '星子县');
INSERT INTO `province_city_district` VALUES ('360428', '3604', '都昌县');
INSERT INTO `province_city_district` VALUES ('360429', '3604', '湖口县');
INSERT INTO `province_city_district` VALUES ('360430', '3604', '彭泽县');
INSERT INTO `province_city_district` VALUES ('360481', '3604', '瑞昌市');
INSERT INTO `province_city_district` VALUES ('360501', '3605', '市辖区');
INSERT INTO `province_city_district` VALUES ('360502', '3605', '渝水区');
INSERT INTO `province_city_district` VALUES ('360521', '3605', '分宜县');
INSERT INTO `province_city_district` VALUES ('360601', '3606', '市辖区');
INSERT INTO `province_city_district` VALUES ('360602', '3606', '月湖区');
INSERT INTO `province_city_district` VALUES ('360622', '3606', '余江县');
INSERT INTO `province_city_district` VALUES ('360681', '3606', '贵溪市');
INSERT INTO `province_city_district` VALUES ('360701', '3607', '市辖区');
INSERT INTO `province_city_district` VALUES ('360702', '3607', '章贡区');
INSERT INTO `province_city_district` VALUES ('360721', '3607', '赣  县');
INSERT INTO `province_city_district` VALUES ('360722', '3607', '信丰县');
INSERT INTO `province_city_district` VALUES ('360723', '3607', '大余县');
INSERT INTO `province_city_district` VALUES ('360724', '3607', '上犹县');
INSERT INTO `province_city_district` VALUES ('360725', '3607', '崇义县');
INSERT INTO `province_city_district` VALUES ('360726', '3607', '安远县');
INSERT INTO `province_city_district` VALUES ('360727', '3607', '龙南县');
INSERT INTO `province_city_district` VALUES ('360728', '3607', '定南县');
INSERT INTO `province_city_district` VALUES ('360729', '3607', '全南县');
INSERT INTO `province_city_district` VALUES ('360730', '3607', '宁都县');
INSERT INTO `province_city_district` VALUES ('360731', '3607', '于都县');
INSERT INTO `province_city_district` VALUES ('360732', '3607', '兴国县');
INSERT INTO `province_city_district` VALUES ('360733', '3607', '会昌县');
INSERT INTO `province_city_district` VALUES ('360734', '3607', '寻乌县');
INSERT INTO `province_city_district` VALUES ('360735', '3607', '石城县');
INSERT INTO `province_city_district` VALUES ('360781', '3607', '瑞金市');
INSERT INTO `province_city_district` VALUES ('360782', '3607', '南康市');
INSERT INTO `province_city_district` VALUES ('360801', '3608', '市辖区');
INSERT INTO `province_city_district` VALUES ('360802', '3608', '吉州区');
INSERT INTO `province_city_district` VALUES ('360803', '3608', '青原区');
INSERT INTO `province_city_district` VALUES ('360821', '3608', '吉安县');
INSERT INTO `province_city_district` VALUES ('360822', '3608', '吉水县');
INSERT INTO `province_city_district` VALUES ('360823', '3608', '峡江县');
INSERT INTO `province_city_district` VALUES ('360824', '3608', '新干县');
INSERT INTO `province_city_district` VALUES ('360825', '3608', '永丰县');
INSERT INTO `province_city_district` VALUES ('360826', '3608', '泰和县');
INSERT INTO `province_city_district` VALUES ('360827', '3608', '遂川县');
INSERT INTO `province_city_district` VALUES ('360828', '3608', '万安县');
INSERT INTO `province_city_district` VALUES ('360829', '3608', '安福县');
INSERT INTO `province_city_district` VALUES ('360830', '3608', '永新县');
INSERT INTO `province_city_district` VALUES ('360881', '3608', '井冈山市');
INSERT INTO `province_city_district` VALUES ('360901', '3609', '市辖区');
INSERT INTO `province_city_district` VALUES ('360902', '3609', '袁州区');
INSERT INTO `province_city_district` VALUES ('360921', '3609', '奉新县');
INSERT INTO `province_city_district` VALUES ('360922', '3609', '万载县');
INSERT INTO `province_city_district` VALUES ('360923', '3609', '上高县');
INSERT INTO `province_city_district` VALUES ('360924', '3609', '宜丰县');
INSERT INTO `province_city_district` VALUES ('360925', '3609', '靖安县');
INSERT INTO `province_city_district` VALUES ('360926', '3609', '铜鼓县');
INSERT INTO `province_city_district` VALUES ('360981', '3609', '丰城市');
INSERT INTO `province_city_district` VALUES ('360982', '3609', '樟树市');
INSERT INTO `province_city_district` VALUES ('360983', '3609', '高安市');
INSERT INTO `province_city_district` VALUES ('361001', '3610', '市辖区');
INSERT INTO `province_city_district` VALUES ('361002', '3610', '临川区');
INSERT INTO `province_city_district` VALUES ('361021', '3610', '南城县');
INSERT INTO `province_city_district` VALUES ('361022', '3610', '黎川县');
INSERT INTO `province_city_district` VALUES ('361023', '3610', '南丰县');
INSERT INTO `province_city_district` VALUES ('361024', '3610', '崇仁县');
INSERT INTO `province_city_district` VALUES ('361025', '3610', '乐安县');
INSERT INTO `province_city_district` VALUES ('361026', '3610', '宜黄县');
INSERT INTO `province_city_district` VALUES ('361027', '3610', '金溪县');
INSERT INTO `province_city_district` VALUES ('361028', '3610', '资溪县');
INSERT INTO `province_city_district` VALUES ('361029', '3610', '东乡县');
INSERT INTO `province_city_district` VALUES ('361030', '3610', '广昌县');
INSERT INTO `province_city_district` VALUES ('361101', '3611', '市辖区');
INSERT INTO `province_city_district` VALUES ('361102', '3611', '信州区');
INSERT INTO `province_city_district` VALUES ('361121', '3611', '上饶县');
INSERT INTO `province_city_district` VALUES ('361122', '3611', '广丰县');
INSERT INTO `province_city_district` VALUES ('361123', '3611', '玉山县');
INSERT INTO `province_city_district` VALUES ('361124', '3611', '铅山县');
INSERT INTO `province_city_district` VALUES ('361125', '3611', '横峰县');
INSERT INTO `province_city_district` VALUES ('361126', '3611', '弋阳县');
INSERT INTO `province_city_district` VALUES ('361127', '3611', '余干县');
INSERT INTO `province_city_district` VALUES ('361128', '3611', '波阳县');
INSERT INTO `province_city_district` VALUES ('361129', '3611', '万年县');
INSERT INTO `province_city_district` VALUES ('361130', '3611', '婺源县');
INSERT INTO `province_city_district` VALUES ('361181', '3611', '德兴市');
INSERT INTO `province_city_district` VALUES ('370101', '3701', '市辖区');
INSERT INTO `province_city_district` VALUES ('370102', '3701', '历下区');
INSERT INTO `province_city_district` VALUES ('370103', '3701', '市中区');
INSERT INTO `province_city_district` VALUES ('370104', '3701', '槐荫区');
INSERT INTO `province_city_district` VALUES ('370105', '3701', '天桥区');
INSERT INTO `province_city_district` VALUES ('370112', '3701', '历城区');
INSERT INTO `province_city_district` VALUES ('370123', '3701', '长清县');
INSERT INTO `province_city_district` VALUES ('370124', '3701', '平阴县');
INSERT INTO `province_city_district` VALUES ('370125', '3701', '济阳县');
INSERT INTO `province_city_district` VALUES ('370126', '3701', '商河县');
INSERT INTO `province_city_district` VALUES ('370181', '3701', '章丘市');
INSERT INTO `province_city_district` VALUES ('370201', '3702', '市辖区');
INSERT INTO `province_city_district` VALUES ('370202', '3702', '市南区');
INSERT INTO `province_city_district` VALUES ('370203', '3702', '市北区');
INSERT INTO `province_city_district` VALUES ('370205', '3702', '四方区');
INSERT INTO `province_city_district` VALUES ('370211', '3702', '黄岛区');
INSERT INTO `province_city_district` VALUES ('370212', '3702', '崂山区');
INSERT INTO `province_city_district` VALUES ('370213', '3702', '李沧区');
INSERT INTO `province_city_district` VALUES ('370214', '3702', '城阳区');
INSERT INTO `province_city_district` VALUES ('370281', '3702', '胶州市');
INSERT INTO `province_city_district` VALUES ('370282', '3702', '即墨市');
INSERT INTO `province_city_district` VALUES ('370283', '3702', '平度市');
INSERT INTO `province_city_district` VALUES ('370284', '3702', '胶南市');
INSERT INTO `province_city_district` VALUES ('370285', '3702', '莱西市');
INSERT INTO `province_city_district` VALUES ('370301', '3703', '市辖区');
INSERT INTO `province_city_district` VALUES ('370302', '3703', '淄川区');
INSERT INTO `province_city_district` VALUES ('370303', '3703', '张店区');
INSERT INTO `province_city_district` VALUES ('370304', '3703', '博山区');
INSERT INTO `province_city_district` VALUES ('370305', '3703', '临淄区');
INSERT INTO `province_city_district` VALUES ('370306', '3703', '周村区');
INSERT INTO `province_city_district` VALUES ('370321', '3703', '桓台县');
INSERT INTO `province_city_district` VALUES ('370322', '3703', '高青县');
INSERT INTO `province_city_district` VALUES ('370323', '3703', '沂源县');
INSERT INTO `province_city_district` VALUES ('370401', '3704', '市辖区');
INSERT INTO `province_city_district` VALUES ('370402', '3704', '市中区');
INSERT INTO `province_city_district` VALUES ('370403', '3704', '薛城区');
INSERT INTO `province_city_district` VALUES ('370404', '3704', '峄城区');
INSERT INTO `province_city_district` VALUES ('370405', '3704', '台儿庄区');
INSERT INTO `province_city_district` VALUES ('370406', '3704', '山亭区');
INSERT INTO `province_city_district` VALUES ('370481', '3704', '滕州市');
INSERT INTO `province_city_district` VALUES ('370501', '3705', '市辖区');
INSERT INTO `province_city_district` VALUES ('370502', '3705', '东营区');
INSERT INTO `province_city_district` VALUES ('370503', '3705', '河口区');
INSERT INTO `province_city_district` VALUES ('370521', '3705', '垦利县');
INSERT INTO `province_city_district` VALUES ('370522', '3705', '利津县');
INSERT INTO `province_city_district` VALUES ('370523', '3705', '广饶县');
INSERT INTO `province_city_district` VALUES ('370601', '3706', '市辖区');
INSERT INTO `province_city_district` VALUES ('370602', '3706', '芝罘区');
INSERT INTO `province_city_district` VALUES ('370611', '3706', '福山区');
INSERT INTO `province_city_district` VALUES ('370612', '3706', '牟平区');
INSERT INTO `province_city_district` VALUES ('370613', '3706', '莱山区');
INSERT INTO `province_city_district` VALUES ('370634', '3706', '长岛县');
INSERT INTO `province_city_district` VALUES ('370681', '3706', '龙口市');
INSERT INTO `province_city_district` VALUES ('370682', '3706', '莱阳市');
INSERT INTO `province_city_district` VALUES ('370683', '3706', '莱州市');
INSERT INTO `province_city_district` VALUES ('370684', '3706', '蓬莱市');
INSERT INTO `province_city_district` VALUES ('370685', '3706', '招远市');
INSERT INTO `province_city_district` VALUES ('370686', '3706', '栖霞市');
INSERT INTO `province_city_district` VALUES ('370687', '3706', '海阳市');
INSERT INTO `province_city_district` VALUES ('370701', '3707', '市辖区');
INSERT INTO `province_city_district` VALUES ('370702', '3707', '潍城区');
INSERT INTO `province_city_district` VALUES ('370703', '3707', '寒亭区');
INSERT INTO `province_city_district` VALUES ('370704', '3707', '坊子区');
INSERT INTO `province_city_district` VALUES ('370705', '3707', '奎文区');
INSERT INTO `province_city_district` VALUES ('370724', '3707', '临朐县');
INSERT INTO `province_city_district` VALUES ('370725', '3707', '昌乐县');
INSERT INTO `province_city_district` VALUES ('370781', '3707', '青州市');
INSERT INTO `province_city_district` VALUES ('370782', '3707', '诸城市');
INSERT INTO `province_city_district` VALUES ('370783', '3707', '寿光市');
INSERT INTO `province_city_district` VALUES ('370784', '3707', '安丘市');
INSERT INTO `province_city_district` VALUES ('370785', '3707', '高密市');
INSERT INTO `province_city_district` VALUES ('370786', '3707', '昌邑市');
INSERT INTO `province_city_district` VALUES ('370801', '3708', '市辖区');
INSERT INTO `province_city_district` VALUES ('370802', '3708', '市中区');
INSERT INTO `province_city_district` VALUES ('370811', '3708', '任城区');
INSERT INTO `province_city_district` VALUES ('370826', '3708', '微山县');
INSERT INTO `province_city_district` VALUES ('370827', '3708', '鱼台县');
INSERT INTO `province_city_district` VALUES ('370828', '3708', '金乡县');
INSERT INTO `province_city_district` VALUES ('370829', '3708', '嘉祥县');
INSERT INTO `province_city_district` VALUES ('370830', '3708', '汶上县');
INSERT INTO `province_city_district` VALUES ('370831', '3708', '泗水县');
INSERT INTO `province_city_district` VALUES ('370832', '3708', '梁山县');
INSERT INTO `province_city_district` VALUES ('370881', '3708', '曲阜市');
INSERT INTO `province_city_district` VALUES ('370882', '3708', '兖州市');
INSERT INTO `province_city_district` VALUES ('370883', '3708', '邹城市');
INSERT INTO `province_city_district` VALUES ('370901', '3709', '市辖区');
INSERT INTO `province_city_district` VALUES ('370902', '3709', '泰山区');
INSERT INTO `province_city_district` VALUES ('370903', '3709', '岱岳区');
INSERT INTO `province_city_district` VALUES ('370921', '3709', '宁阳县');
INSERT INTO `province_city_district` VALUES ('370923', '3709', '东平县');
INSERT INTO `province_city_district` VALUES ('370982', '3709', '新泰市');
INSERT INTO `province_city_district` VALUES ('370983', '3709', '肥城市');
INSERT INTO `province_city_district` VALUES ('371001', '3710', '市辖区');
INSERT INTO `province_city_district` VALUES ('371002', '3710', '环翠区');
INSERT INTO `province_city_district` VALUES ('371081', '3710', '文登市');
INSERT INTO `province_city_district` VALUES ('371082', '3710', '荣成市');
INSERT INTO `province_city_district` VALUES ('371083', '3710', '乳山市');
INSERT INTO `province_city_district` VALUES ('371101', '3711', '市辖区');
INSERT INTO `province_city_district` VALUES ('371102', '3711', '东港区');
INSERT INTO `province_city_district` VALUES ('371121', '3711', '五莲县');
INSERT INTO `province_city_district` VALUES ('371122', '3711', '莒  县');
INSERT INTO `province_city_district` VALUES ('371201', '3712', '市辖区');
INSERT INTO `province_city_district` VALUES ('371202', '3712', '莱城区');
INSERT INTO `province_city_district` VALUES ('371203', '3712', '钢城区');
INSERT INTO `province_city_district` VALUES ('371301', '3713', '市辖区');
INSERT INTO `province_city_district` VALUES ('371302', '3713', '兰山区');
INSERT INTO `province_city_district` VALUES ('371311', '3713', '罗庄区');
INSERT INTO `province_city_district` VALUES ('371312', '3713', '河东区');
INSERT INTO `province_city_district` VALUES ('371321', '3713', '沂南县');
INSERT INTO `province_city_district` VALUES ('371322', '3713', '郯城县');
INSERT INTO `province_city_district` VALUES ('371323', '3713', '沂水县');
INSERT INTO `province_city_district` VALUES ('371324', '3713', '苍山县');
INSERT INTO `province_city_district` VALUES ('371325', '3713', '费  县');
INSERT INTO `province_city_district` VALUES ('371326', '3713', '平邑县');
INSERT INTO `province_city_district` VALUES ('371327', '3713', '莒南县');
INSERT INTO `province_city_district` VALUES ('371328', '3713', '蒙阴县');
INSERT INTO `province_city_district` VALUES ('371329', '3713', '临沭县');
INSERT INTO `province_city_district` VALUES ('371401', '3714', '市辖区');
INSERT INTO `province_city_district` VALUES ('371402', '3714', '德城区');
INSERT INTO `province_city_district` VALUES ('371421', '3714', '陵  县');
INSERT INTO `province_city_district` VALUES ('371422', '3714', '宁津县');
INSERT INTO `province_city_district` VALUES ('371423', '3714', '庆云县');
INSERT INTO `province_city_district` VALUES ('371424', '3714', '临邑县');
INSERT INTO `province_city_district` VALUES ('371425', '3714', '齐河县');
INSERT INTO `province_city_district` VALUES ('371426', '3714', '平原县');
INSERT INTO `province_city_district` VALUES ('371427', '3714', '夏津县');
INSERT INTO `province_city_district` VALUES ('371428', '3714', '武城县');
INSERT INTO `province_city_district` VALUES ('371481', '3714', '乐陵市');
INSERT INTO `province_city_district` VALUES ('371482', '3714', '禹城市');
INSERT INTO `province_city_district` VALUES ('371501', '3715', '市辖区');
INSERT INTO `province_city_district` VALUES ('371502', '3715', '东昌府区');
INSERT INTO `province_city_district` VALUES ('371521', '3715', '阳谷县');
INSERT INTO `province_city_district` VALUES ('371522', '3715', '莘  县');
INSERT INTO `province_city_district` VALUES ('371523', '3715', '茌平县');
INSERT INTO `province_city_district` VALUES ('371524', '3715', '东阿县');
INSERT INTO `province_city_district` VALUES ('371525', '3715', '冠  县');
INSERT INTO `province_city_district` VALUES ('371526', '3715', '高唐县');
INSERT INTO `province_city_district` VALUES ('371581', '3715', '临清市');
INSERT INTO `province_city_district` VALUES ('371601', '3716', '市辖区');
INSERT INTO `province_city_district` VALUES ('371603', '3716', '滨城区');
INSERT INTO `province_city_district` VALUES ('371621', '3716', '惠民县');
INSERT INTO `province_city_district` VALUES ('371622', '3716', '阳信县');
INSERT INTO `province_city_district` VALUES ('371623', '3716', '无棣县');
INSERT INTO `province_city_district` VALUES ('371624', '3716', '沾化县');
INSERT INTO `province_city_district` VALUES ('371625', '3716', '博兴县');
INSERT INTO `province_city_district` VALUES ('371626', '3716', '邹平县');
INSERT INTO `province_city_district` VALUES ('371701', '3717', '市辖区');
INSERT INTO `province_city_district` VALUES ('371702', '3717', '牡丹区');
INSERT INTO `province_city_district` VALUES ('371721', '3717', '曹  县');
INSERT INTO `province_city_district` VALUES ('371722', '3717', '单  县');
INSERT INTO `province_city_district` VALUES ('371723', '3717', '成武县');
INSERT INTO `province_city_district` VALUES ('371724', '3717', '巨野县');
INSERT INTO `province_city_district` VALUES ('371725', '3717', '郓城县');
INSERT INTO `province_city_district` VALUES ('371726', '3717', '鄄城县');
INSERT INTO `province_city_district` VALUES ('371727', '3717', '定陶县');
INSERT INTO `province_city_district` VALUES ('371728', '3717', '东明县');
INSERT INTO `province_city_district` VALUES ('410101', '4101', '市辖区');
INSERT INTO `province_city_district` VALUES ('410102', '4101', '中原区');
INSERT INTO `province_city_district` VALUES ('410103', '4101', '二七区');
INSERT INTO `province_city_district` VALUES ('410104', '4101', '管城回族区');
INSERT INTO `province_city_district` VALUES ('410105', '4101', '金水区');
INSERT INTO `province_city_district` VALUES ('410106', '4101', '上街区');
INSERT INTO `province_city_district` VALUES ('410108', '4101', '邙山区');
INSERT INTO `province_city_district` VALUES ('410122', '4101', '中牟县');
INSERT INTO `province_city_district` VALUES ('410181', '4101', '巩义市');
INSERT INTO `province_city_district` VALUES ('410182', '4101', '荥阳市');
INSERT INTO `province_city_district` VALUES ('410183', '4101', '新密市');
INSERT INTO `province_city_district` VALUES ('410184', '4101', '新郑市');
INSERT INTO `province_city_district` VALUES ('410185', '4101', '登封市');
INSERT INTO `province_city_district` VALUES ('410201', '4102', '市辖区');
INSERT INTO `province_city_district` VALUES ('410202', '4102', '龙亭区');
INSERT INTO `province_city_district` VALUES ('410203', '4102', '顺河回族区');
INSERT INTO `province_city_district` VALUES ('410204', '4102', '鼓楼区');
INSERT INTO `province_city_district` VALUES ('410205', '4102', '南关区');
INSERT INTO `province_city_district` VALUES ('410211', '4102', '郊  区');
INSERT INTO `province_city_district` VALUES ('410221', '4102', '杞  县');
INSERT INTO `province_city_district` VALUES ('410222', '4102', '通许县');
INSERT INTO `province_city_district` VALUES ('410223', '4102', '尉氏县');
INSERT INTO `province_city_district` VALUES ('410224', '4102', '开封县');
INSERT INTO `province_city_district` VALUES ('410225', '4102', '兰考县');
INSERT INTO `province_city_district` VALUES ('410301', '4103', '市辖区');
INSERT INTO `province_city_district` VALUES ('410302', '4103', '老城区');
INSERT INTO `province_city_district` VALUES ('410303', '4103', '西工区');
INSERT INTO `province_city_district` VALUES ('410304', '4103', '廛河回族区');
INSERT INTO `province_city_district` VALUES ('410305', '4103', '涧西区');
INSERT INTO `province_city_district` VALUES ('410306', '4103', '吉利区');
INSERT INTO `province_city_district` VALUES ('410307', '4103', '洛龙区');
INSERT INTO `province_city_district` VALUES ('410322', '4103', '孟津县');
INSERT INTO `province_city_district` VALUES ('410323', '4103', '新安县');
INSERT INTO `province_city_district` VALUES ('410324', '4103', '栾川县');
INSERT INTO `province_city_district` VALUES ('410325', '4103', '嵩  县');
INSERT INTO `province_city_district` VALUES ('410326', '4103', '汝阳县');
INSERT INTO `province_city_district` VALUES ('410327', '4103', '宜阳县');
INSERT INTO `province_city_district` VALUES ('410328', '4103', '洛宁县');
INSERT INTO `province_city_district` VALUES ('410329', '4103', '伊川县');
INSERT INTO `province_city_district` VALUES ('410381', '4103', '偃师市');
INSERT INTO `province_city_district` VALUES ('410401', '4104', '市辖区');
INSERT INTO `province_city_district` VALUES ('410402', '4104', '新华区');
INSERT INTO `province_city_district` VALUES ('410403', '4104', '卫东区');
INSERT INTO `province_city_district` VALUES ('410404', '4104', '石龙区');
INSERT INTO `province_city_district` VALUES ('410411', '4104', '湛河区');
INSERT INTO `province_city_district` VALUES ('410421', '4104', '宝丰县');
INSERT INTO `province_city_district` VALUES ('410422', '4104', '叶  县');
INSERT INTO `province_city_district` VALUES ('410423', '4104', '鲁山县');
INSERT INTO `province_city_district` VALUES ('410425', '4104', '郏  县');
INSERT INTO `province_city_district` VALUES ('410481', '4104', '舞钢市');
INSERT INTO `province_city_district` VALUES ('410482', '4104', '汝州市');
INSERT INTO `province_city_district` VALUES ('410501', '4105', '市辖区');
INSERT INTO `province_city_district` VALUES ('410502', '4105', '文峰区');
INSERT INTO `province_city_district` VALUES ('410503', '4105', '北关区');
INSERT INTO `province_city_district` VALUES ('410504', '4105', '铁西区');
INSERT INTO `province_city_district` VALUES ('410511', '4105', '郊  区');
INSERT INTO `province_city_district` VALUES ('410522', '4105', '安阳县');
INSERT INTO `province_city_district` VALUES ('410523', '4105', '汤阴县');
INSERT INTO `province_city_district` VALUES ('410526', '4105', '滑  县');
INSERT INTO `province_city_district` VALUES ('410527', '4105', '内黄县');
INSERT INTO `province_city_district` VALUES ('410581', '4105', '林州市');
INSERT INTO `province_city_district` VALUES ('410601', '4106', '市辖区');
INSERT INTO `province_city_district` VALUES ('410602', '4106', '鹤山区');
INSERT INTO `province_city_district` VALUES ('410603', '4106', '山城区');
INSERT INTO `province_city_district` VALUES ('410611', '4106', '郊  区');
INSERT INTO `province_city_district` VALUES ('410621', '4106', '浚  县');
INSERT INTO `province_city_district` VALUES ('410622', '4106', '淇  县');
INSERT INTO `province_city_district` VALUES ('410701', '4107', '市辖区');
INSERT INTO `province_city_district` VALUES ('410702', '4107', '红旗区');
INSERT INTO `province_city_district` VALUES ('410703', '4107', '新华区');
INSERT INTO `province_city_district` VALUES ('410704', '4107', '北站区');
INSERT INTO `province_city_district` VALUES ('410711', '4107', '郊  区');
INSERT INTO `province_city_district` VALUES ('410721', '4107', '新乡县');
INSERT INTO `province_city_district` VALUES ('410724', '4107', '获嘉县');
INSERT INTO `province_city_district` VALUES ('410725', '4107', '原阳县');
INSERT INTO `province_city_district` VALUES ('410726', '4107', '延津县');
INSERT INTO `province_city_district` VALUES ('410727', '4107', '封丘县');
INSERT INTO `province_city_district` VALUES ('410728', '4107', '长垣县');
INSERT INTO `province_city_district` VALUES ('410781', '4107', '卫辉市');
INSERT INTO `province_city_district` VALUES ('410782', '4107', '辉县市');
INSERT INTO `province_city_district` VALUES ('410801', '4108', '市辖区');
INSERT INTO `province_city_district` VALUES ('410802', '4108', '解放区');
INSERT INTO `province_city_district` VALUES ('410803', '4108', '中站区');
INSERT INTO `province_city_district` VALUES ('410804', '4108', '马村区');
INSERT INTO `province_city_district` VALUES ('410811', '4108', '山阳区');
INSERT INTO `province_city_district` VALUES ('410821', '4108', '修武县');
INSERT INTO `province_city_district` VALUES ('410822', '4108', '博爱县');
INSERT INTO `province_city_district` VALUES ('410823', '4108', '武陟县');
INSERT INTO `province_city_district` VALUES ('410825', '4108', '温  县');
INSERT INTO `province_city_district` VALUES ('410881', '4108', '济源市');
INSERT INTO `province_city_district` VALUES ('410882', '4108', '沁阳市');
INSERT INTO `province_city_district` VALUES ('410883', '4108', '孟州市');
INSERT INTO `province_city_district` VALUES ('410901', '4109', '市辖区');
INSERT INTO `province_city_district` VALUES ('410902', '4109', '市  区');
INSERT INTO `province_city_district` VALUES ('410922', '4109', '清丰县');
INSERT INTO `province_city_district` VALUES ('410923', '4109', '南乐县');
INSERT INTO `province_city_district` VALUES ('410926', '4109', '范  县');
INSERT INTO `province_city_district` VALUES ('410927', '4109', '台前县');
INSERT INTO `province_city_district` VALUES ('410928', '4109', '濮阳县');
INSERT INTO `province_city_district` VALUES ('411001', '4110', '市辖区');
INSERT INTO `province_city_district` VALUES ('411002', '4110', '魏都区');
INSERT INTO `province_city_district` VALUES ('411023', '4110', '许昌县');
INSERT INTO `province_city_district` VALUES ('411024', '4110', '鄢陵县');
INSERT INTO `province_city_district` VALUES ('411025', '4110', '襄城县');
INSERT INTO `province_city_district` VALUES ('411081', '4110', '禹州市');
INSERT INTO `province_city_district` VALUES ('411082', '4110', '长葛市');
INSERT INTO `province_city_district` VALUES ('411101', '4111', '市辖区');
INSERT INTO `province_city_district` VALUES ('411102', '4111', '源汇区');
INSERT INTO `province_city_district` VALUES ('411121', '4111', '舞阳县');
INSERT INTO `province_city_district` VALUES ('411122', '4111', '临颍县');
INSERT INTO `province_city_district` VALUES ('411123', '4111', '郾城县');
INSERT INTO `province_city_district` VALUES ('411201', '4112', '市辖区');
INSERT INTO `province_city_district` VALUES ('411202', '4112', '湖滨区');
INSERT INTO `province_city_district` VALUES ('411221', '4112', '渑池县');
INSERT INTO `province_city_district` VALUES ('411222', '4112', '陕  县');
INSERT INTO `province_city_district` VALUES ('411224', '4112', '卢氏县');
INSERT INTO `province_city_district` VALUES ('411281', '4112', '义马市');
INSERT INTO `province_city_district` VALUES ('411282', '4112', '灵宝市');
INSERT INTO `province_city_district` VALUES ('411301', '4113', '市辖区');
INSERT INTO `province_city_district` VALUES ('411302', '4113', '宛城区');
INSERT INTO `province_city_district` VALUES ('411303', '4113', '卧龙区');
INSERT INTO `province_city_district` VALUES ('411321', '4113', '南召县');
INSERT INTO `province_city_district` VALUES ('411322', '4113', '方城县');
INSERT INTO `province_city_district` VALUES ('411323', '4113', '西峡县');
INSERT INTO `province_city_district` VALUES ('411324', '4113', '镇平县');
INSERT INTO `province_city_district` VALUES ('411325', '4113', '内乡县');
INSERT INTO `province_city_district` VALUES ('411326', '4113', '淅川县');
INSERT INTO `province_city_district` VALUES ('411327', '4113', '社旗县');
INSERT INTO `province_city_district` VALUES ('411328', '4113', '唐河县');
INSERT INTO `province_city_district` VALUES ('411329', '4113', '新野县');
INSERT INTO `province_city_district` VALUES ('411330', '4113', '桐柏县');
INSERT INTO `province_city_district` VALUES ('411381', '4113', '邓州市');
INSERT INTO `province_city_district` VALUES ('411401', '4114', '市辖区');
INSERT INTO `province_city_district` VALUES ('411402', '4114', '梁园区');
INSERT INTO `province_city_district` VALUES ('411403', '4114', '睢阳区');
INSERT INTO `province_city_district` VALUES ('411421', '4114', '民权县');
INSERT INTO `province_city_district` VALUES ('411422', '4114', '睢  县');
INSERT INTO `province_city_district` VALUES ('411423', '4114', '宁陵县');
INSERT INTO `province_city_district` VALUES ('411424', '4114', '柘城县');
INSERT INTO `province_city_district` VALUES ('411425', '4114', '虞城县');
INSERT INTO `province_city_district` VALUES ('411426', '4114', '夏邑县');
INSERT INTO `province_city_district` VALUES ('411481', '4114', '永城市');
INSERT INTO `province_city_district` VALUES ('411501', '4115', '市辖区');
INSERT INTO `province_city_district` VALUES ('411502', '4115', '师河区');
INSERT INTO `province_city_district` VALUES ('411503', '4115', '平桥区');
INSERT INTO `province_city_district` VALUES ('411521', '4115', '罗山县');
INSERT INTO `province_city_district` VALUES ('411522', '4115', '光山县');
INSERT INTO `province_city_district` VALUES ('411523', '4115', '新  县');
INSERT INTO `province_city_district` VALUES ('411524', '4115', '商城县');
INSERT INTO `province_city_district` VALUES ('411525', '4115', '固始县');
INSERT INTO `province_city_district` VALUES ('411526', '4115', '潢川县');
INSERT INTO `province_city_district` VALUES ('411527', '4115', '淮滨县');
INSERT INTO `province_city_district` VALUES ('411528', '4115', '息  县');
INSERT INTO `province_city_district` VALUES ('411601', '4116', '市辖区');
INSERT INTO `province_city_district` VALUES ('411602', '4116', '川汇区');
INSERT INTO `province_city_district` VALUES ('411621', '4116', '扶沟县');
INSERT INTO `province_city_district` VALUES ('411622', '4116', '西华县');
INSERT INTO `province_city_district` VALUES ('411623', '4116', '商水县');
INSERT INTO `province_city_district` VALUES ('411624', '4116', '沈丘县');
INSERT INTO `province_city_district` VALUES ('411625', '4116', '郸城县');
INSERT INTO `province_city_district` VALUES ('411626', '4116', '淮阳县');
INSERT INTO `province_city_district` VALUES ('411627', '4116', '太康县');
INSERT INTO `province_city_district` VALUES ('411628', '4116', '鹿邑县');
INSERT INTO `province_city_district` VALUES ('411681', '4116', '项城市');
INSERT INTO `province_city_district` VALUES ('411701', '4117', '市辖区');
INSERT INTO `province_city_district` VALUES ('411702', '4117', '驿城区');
INSERT INTO `province_city_district` VALUES ('411721', '4117', '西平县');
INSERT INTO `province_city_district` VALUES ('411722', '4117', '上蔡县');
INSERT INTO `province_city_district` VALUES ('411723', '4117', '平舆县');
INSERT INTO `province_city_district` VALUES ('411724', '4117', '正阳县');
INSERT INTO `province_city_district` VALUES ('411725', '4117', '确山县');
INSERT INTO `province_city_district` VALUES ('411726', '4117', '泌阳县');
INSERT INTO `province_city_district` VALUES ('411727', '4117', '汝南县');
INSERT INTO `province_city_district` VALUES ('411728', '4117', '遂平县');
INSERT INTO `province_city_district` VALUES ('411729', '4117', '新蔡县');
INSERT INTO `province_city_district` VALUES ('420101', '4201', '市辖区');
INSERT INTO `province_city_district` VALUES ('420102', '4201', '江岸区');
INSERT INTO `province_city_district` VALUES ('420103', '4201', '江汉区');
INSERT INTO `province_city_district` VALUES ('420104', '4201', '乔口区');
INSERT INTO `province_city_district` VALUES ('420105', '4201', '汉阳区');
INSERT INTO `province_city_district` VALUES ('420106', '4201', '武昌区');
INSERT INTO `province_city_district` VALUES ('420107', '4201', '青山区');
INSERT INTO `province_city_district` VALUES ('420111', '4201', '洪山区');
INSERT INTO `province_city_district` VALUES ('420112', '4201', '东西湖区');
INSERT INTO `province_city_district` VALUES ('420113', '4201', '汉南区');
INSERT INTO `province_city_district` VALUES ('420114', '4201', '蔡甸区');
INSERT INTO `province_city_district` VALUES ('420115', '4201', '江夏区');
INSERT INTO `province_city_district` VALUES ('420116', '4201', '黄陂区');
INSERT INTO `province_city_district` VALUES ('420117', '4201', '新洲区');
INSERT INTO `province_city_district` VALUES ('420201', '4202', '市辖区');
INSERT INTO `province_city_district` VALUES ('420202', '4202', '黄石港区');
INSERT INTO `province_city_district` VALUES ('420203', '4202', '石灰窑区');
INSERT INTO `province_city_district` VALUES ('420204', '4202', '下陆区');
INSERT INTO `province_city_district` VALUES ('420205', '4202', '铁山区');
INSERT INTO `province_city_district` VALUES ('420222', '4202', '阳新县');
INSERT INTO `province_city_district` VALUES ('420281', '4202', '大冶市');
INSERT INTO `province_city_district` VALUES ('420301', '4203', '市辖区');
INSERT INTO `province_city_district` VALUES ('420302', '4203', '茅箭区');
INSERT INTO `province_city_district` VALUES ('420303', '4203', '张湾区');
INSERT INTO `province_city_district` VALUES ('420321', '4203', '郧  县');
INSERT INTO `province_city_district` VALUES ('420322', '4203', '郧西县');
INSERT INTO `province_city_district` VALUES ('420323', '4203', '竹山县');
INSERT INTO `province_city_district` VALUES ('420324', '4203', '竹溪县');
INSERT INTO `province_city_district` VALUES ('420325', '4203', '房  县');
INSERT INTO `province_city_district` VALUES ('420381', '4203', '丹江口市');
INSERT INTO `province_city_district` VALUES ('420501', '4205', '市辖区');
INSERT INTO `province_city_district` VALUES ('420502', '4205', '西陵区');
INSERT INTO `province_city_district` VALUES ('420503', '4205', '伍家岗区');
INSERT INTO `province_city_district` VALUES ('420504', '4205', '点军区');
INSERT INTO `province_city_district` VALUES ('420505', '4205', '虎亭区');
INSERT INTO `province_city_district` VALUES ('420521', '4205', '宜昌县');
INSERT INTO `province_city_district` VALUES ('420525', '4205', '远安县');
INSERT INTO `province_city_district` VALUES ('420526', '4205', '兴山县');
INSERT INTO `province_city_district` VALUES ('420527', '4205', '秭归县');
INSERT INTO `province_city_district` VALUES ('420528', '4205', '长阳土家族自治县');
INSERT INTO `province_city_district` VALUES ('420529', '4205', '五峰土家族自治县');
INSERT INTO `province_city_district` VALUES ('420581', '4205', '宜都市');
INSERT INTO `province_city_district` VALUES ('420582', '4205', '当阳市');
INSERT INTO `province_city_district` VALUES ('420583', '4205', '枝江市');
INSERT INTO `province_city_district` VALUES ('420601', '4206', '市辖区');
INSERT INTO `province_city_district` VALUES ('420602', '4206', '襄城区');
INSERT INTO `province_city_district` VALUES ('420606', '4206', '樊城区');
INSERT INTO `province_city_district` VALUES ('420621', '4206', '襄阳县');
INSERT INTO `province_city_district` VALUES ('420624', '4206', '南漳县');
INSERT INTO `province_city_district` VALUES ('420625', '4206', '谷城县');
INSERT INTO `province_city_district` VALUES ('420626', '4206', '保康县');
INSERT INTO `province_city_district` VALUES ('420682', '4206', '老河口市');
INSERT INTO `province_city_district` VALUES ('420683', '4206', '枣阳市');
INSERT INTO `province_city_district` VALUES ('420684', '4206', '宜城市');
INSERT INTO `province_city_district` VALUES ('420701', '4207', '市辖区');
INSERT INTO `province_city_district` VALUES ('420702', '4207', '梁子湖区');
INSERT INTO `province_city_district` VALUES ('420703', '4207', '华容区');
INSERT INTO `province_city_district` VALUES ('420704', '4207', '鄂城区');
INSERT INTO `province_city_district` VALUES ('420801', '4208', '市辖区');
INSERT INTO `province_city_district` VALUES ('420802', '4208', '东宝区');
INSERT INTO `province_city_district` VALUES ('420821', '4208', '京山县');
INSERT INTO `province_city_district` VALUES ('420822', '4208', '沙洋县');
INSERT INTO `province_city_district` VALUES ('420881', '4208', '钟祥市');
INSERT INTO `province_city_district` VALUES ('420901', '4209', '市辖区');
INSERT INTO `province_city_district` VALUES ('420902', '4209', '孝南区');
INSERT INTO `province_city_district` VALUES ('420921', '4209', '孝昌县');
INSERT INTO `province_city_district` VALUES ('420922', '4209', '大悟县');
INSERT INTO `province_city_district` VALUES ('420923', '4209', '云梦县');
INSERT INTO `province_city_district` VALUES ('420981', '4209', '应城市');
INSERT INTO `province_city_district` VALUES ('420982', '4209', '安陆市');
INSERT INTO `province_city_district` VALUES ('420984', '4209', '汉川市');
INSERT INTO `province_city_district` VALUES ('421001', '4210', '市辖区');
INSERT INTO `province_city_district` VALUES ('421002', '4210', '沙市区');
INSERT INTO `province_city_district` VALUES ('421003', '4210', '荆州区');
INSERT INTO `province_city_district` VALUES ('421022', '4210', '公安县');
INSERT INTO `province_city_district` VALUES ('421023', '4210', '监利县');
INSERT INTO `province_city_district` VALUES ('421024', '4210', '江陵县');
INSERT INTO `province_city_district` VALUES ('421081', '4210', '石首市');
INSERT INTO `province_city_district` VALUES ('421083', '4210', '洪湖市');
INSERT INTO `province_city_district` VALUES ('421087', '4210', '松滋市');
INSERT INTO `province_city_district` VALUES ('421101', '4211', '市辖区');
INSERT INTO `province_city_district` VALUES ('421102', '4211', '黄州区');
INSERT INTO `province_city_district` VALUES ('421121', '4211', '团风县');
INSERT INTO `province_city_district` VALUES ('421122', '4211', '红安县');
INSERT INTO `province_city_district` VALUES ('421123', '4211', '罗田县');
INSERT INTO `province_city_district` VALUES ('421124', '4211', '英山县');
INSERT INTO `province_city_district` VALUES ('421125', '4211', '浠水县');
INSERT INTO `province_city_district` VALUES ('421126', '4211', '蕲春县');
INSERT INTO `province_city_district` VALUES ('421127', '4211', '黄梅县');
INSERT INTO `province_city_district` VALUES ('421181', '4211', '麻城市');
INSERT INTO `province_city_district` VALUES ('421182', '4211', '武穴市');
INSERT INTO `province_city_district` VALUES ('421201', '4212', '市辖区');
INSERT INTO `province_city_district` VALUES ('421202', '4212', '咸安区');
INSERT INTO `province_city_district` VALUES ('421221', '4212', '嘉鱼县');
INSERT INTO `province_city_district` VALUES ('421222', '4212', '通城县');
INSERT INTO `province_city_district` VALUES ('421223', '4212', '崇阳县');
INSERT INTO `province_city_district` VALUES ('421224', '4212', '通山县');
INSERT INTO `province_city_district` VALUES ('421281', '4212', '赤壁市');
INSERT INTO `province_city_district` VALUES ('421301', '4213', '市辖区');
INSERT INTO `province_city_district` VALUES ('421302', '4213', '曾都区');
INSERT INTO `province_city_district` VALUES ('421381', '4213', '广水市');
INSERT INTO `province_city_district` VALUES ('422801', '4228', '恩施市');
INSERT INTO `province_city_district` VALUES ('422802', '4228', '利川市');
INSERT INTO `province_city_district` VALUES ('422822', '4228', '建始县');
INSERT INTO `province_city_district` VALUES ('422823', '4228', '巴东县');
INSERT INTO `province_city_district` VALUES ('422825', '4228', '宣恩县');
INSERT INTO `province_city_district` VALUES ('422826', '4228', '咸丰县');
INSERT INTO `province_city_district` VALUES ('422827', '4228', '来凤县');
INSERT INTO `province_city_district` VALUES ('422828', '4228', '鹤峰县');
INSERT INTO `province_city_district` VALUES ('429004', '4290', '仙桃市');
INSERT INTO `province_city_district` VALUES ('429005', '4290', '潜江市');
INSERT INTO `province_city_district` VALUES ('429006', '4290', '天门市');
INSERT INTO `province_city_district` VALUES ('429021', '4290', '神农架林区');
INSERT INTO `province_city_district` VALUES ('430101', '4301', '市辖区');
INSERT INTO `province_city_district` VALUES ('430102', '4301', '芙蓉区');
INSERT INTO `province_city_district` VALUES ('430103', '4301', '天心区');
INSERT INTO `province_city_district` VALUES ('430104', '4301', '岳麓区');
INSERT INTO `province_city_district` VALUES ('430105', '4301', '开福区');
INSERT INTO `province_city_district` VALUES ('430111', '4301', '雨花区');
INSERT INTO `province_city_district` VALUES ('430121', '4301', '长沙县');
INSERT INTO `province_city_district` VALUES ('430122', '4301', '望城县');
INSERT INTO `province_city_district` VALUES ('430124', '4301', '宁乡县');
INSERT INTO `province_city_district` VALUES ('430181', '4301', '浏阳市');
INSERT INTO `province_city_district` VALUES ('430201', '4302', '市辖区');
INSERT INTO `province_city_district` VALUES ('430202', '4302', '荷塘区');
INSERT INTO `province_city_district` VALUES ('430203', '4302', '芦淞区');
INSERT INTO `province_city_district` VALUES ('430204', '4302', '石峰区');
INSERT INTO `province_city_district` VALUES ('430211', '4302', '天元区');
INSERT INTO `province_city_district` VALUES ('430221', '4302', '株洲县');
INSERT INTO `province_city_district` VALUES ('430223', '4302', '攸  县');
INSERT INTO `province_city_district` VALUES ('430224', '4302', '茶陵县');
INSERT INTO `province_city_district` VALUES ('430225', '4302', '炎陵县');
INSERT INTO `province_city_district` VALUES ('430281', '4302', '醴陵市');
INSERT INTO `province_city_district` VALUES ('430301', '4303', '市辖区');
INSERT INTO `province_city_district` VALUES ('430302', '4303', '雨湖区');
INSERT INTO `province_city_district` VALUES ('430304', '4303', '岳塘区');
INSERT INTO `province_city_district` VALUES ('430321', '4303', '湘潭县');
INSERT INTO `province_city_district` VALUES ('430381', '4303', '湘乡市');
INSERT INTO `province_city_district` VALUES ('430382', '4303', '韶山市');
INSERT INTO `province_city_district` VALUES ('430401', '4304', '市辖区');
INSERT INTO `province_city_district` VALUES ('430402', '4304', '江东区');
INSERT INTO `province_city_district` VALUES ('430403', '4304', '城南区');
INSERT INTO `province_city_district` VALUES ('430404', '4304', '城北区');
INSERT INTO `province_city_district` VALUES ('430411', '4304', '郊   区');
INSERT INTO `province_city_district` VALUES ('430412', '4304', '南岳区');
INSERT INTO `province_city_district` VALUES ('430421', '4304', '衡阳县');
INSERT INTO `province_city_district` VALUES ('430422', '4304', '衡南县');
INSERT INTO `province_city_district` VALUES ('430423', '4304', '衡山县');
INSERT INTO `province_city_district` VALUES ('430424', '4304', '衡东县');
INSERT INTO `province_city_district` VALUES ('430426', '4304', '祁东县');
INSERT INTO `province_city_district` VALUES ('430481', '4304', '耒阳市');
INSERT INTO `province_city_district` VALUES ('430482', '4304', '常宁市');
INSERT INTO `province_city_district` VALUES ('430501', '4305', '市辖区');
INSERT INTO `province_city_district` VALUES ('430502', '4305', '双清区');
INSERT INTO `province_city_district` VALUES ('430503', '4305', '大祥区');
INSERT INTO `province_city_district` VALUES ('430511', '4305', '北塔区');
INSERT INTO `province_city_district` VALUES ('430521', '4305', '邵东县');
INSERT INTO `province_city_district` VALUES ('430522', '4305', '新邵县');
INSERT INTO `province_city_district` VALUES ('430523', '4305', '邵阳县');
INSERT INTO `province_city_district` VALUES ('430524', '4305', '隆回县');
INSERT INTO `province_city_district` VALUES ('430525', '4305', '洞口县');
INSERT INTO `province_city_district` VALUES ('430527', '4305', '绥宁县');
INSERT INTO `province_city_district` VALUES ('430528', '4305', '新宁县');
INSERT INTO `province_city_district` VALUES ('430529', '4305', '城步苗族自治县');
INSERT INTO `province_city_district` VALUES ('430581', '4305', '武冈市');
INSERT INTO `province_city_district` VALUES ('430601', '4306', '市辖区');
INSERT INTO `province_city_district` VALUES ('430602', '4306', '岳阳楼区');
INSERT INTO `province_city_district` VALUES ('430603', '4306', '云溪区');
INSERT INTO `province_city_district` VALUES ('430611', '4306', '君山区');
INSERT INTO `province_city_district` VALUES ('430621', '4306', '岳阳县');
INSERT INTO `province_city_district` VALUES ('430623', '4306', '华容县');
INSERT INTO `province_city_district` VALUES ('430624', '4306', '湘阴县');
INSERT INTO `province_city_district` VALUES ('430626', '4306', '平江县');
INSERT INTO `province_city_district` VALUES ('430681', '4306', '汨罗市');
INSERT INTO `province_city_district` VALUES ('430682', '4306', '临湘市');
INSERT INTO `province_city_district` VALUES ('430701', '4307', '市辖区');
INSERT INTO `province_city_district` VALUES ('430702', '4307', '武陵区');
INSERT INTO `province_city_district` VALUES ('430703', '4307', '鼎城区');
INSERT INTO `province_city_district` VALUES ('430721', '4307', '安乡县');
INSERT INTO `province_city_district` VALUES ('430722', '4307', '汉寿县');
INSERT INTO `province_city_district` VALUES ('430723', '4307', '澧  县');
INSERT INTO `province_city_district` VALUES ('430724', '4307', '临澧县');
INSERT INTO `province_city_district` VALUES ('430725', '4307', '桃源县');
INSERT INTO `province_city_district` VALUES ('430726', '4307', '石门县');
INSERT INTO `province_city_district` VALUES ('430781', '4307', '津市市');
INSERT INTO `province_city_district` VALUES ('430801', '4308', '市辖区');
INSERT INTO `province_city_district` VALUES ('430802', '4308', '永定区');
INSERT INTO `province_city_district` VALUES ('430811', '4308', '武陵源区');
INSERT INTO `province_city_district` VALUES ('430821', '4308', '慈利县');
INSERT INTO `province_city_district` VALUES ('430822', '4308', '桑植县');
INSERT INTO `province_city_district` VALUES ('430901', '4309', '市辖区');
INSERT INTO `province_city_district` VALUES ('430902', '4309', '资阳区');
INSERT INTO `province_city_district` VALUES ('430903', '4309', '赫山区');
INSERT INTO `province_city_district` VALUES ('430921', '4309', '南  县');
INSERT INTO `province_city_district` VALUES ('430922', '4309', '桃江县');
INSERT INTO `province_city_district` VALUES ('430923', '4309', '安化县');
INSERT INTO `province_city_district` VALUES ('430981', '4309', '沅江市');
INSERT INTO `province_city_district` VALUES ('431001', '4310', '市辖区');
INSERT INTO `province_city_district` VALUES ('431002', '4310', '北湖区');
INSERT INTO `province_city_district` VALUES ('431003', '4310', '苏仙区');
INSERT INTO `province_city_district` VALUES ('431021', '4310', '桂阳县');
INSERT INTO `province_city_district` VALUES ('431022', '4310', '宜章县');
INSERT INTO `province_city_district` VALUES ('431023', '4310', '永兴县');
INSERT INTO `province_city_district` VALUES ('431024', '4310', '嘉禾县');
INSERT INTO `province_city_district` VALUES ('431025', '4310', '临武县');
INSERT INTO `province_city_district` VALUES ('431026', '4310', '汝城县');
INSERT INTO `province_city_district` VALUES ('431027', '4310', '桂东县');
INSERT INTO `province_city_district` VALUES ('431028', '4310', '安仁县');
INSERT INTO `province_city_district` VALUES ('431081', '4310', '资兴市');
INSERT INTO `province_city_district` VALUES ('431101', '4311', '市辖区');
INSERT INTO `province_city_district` VALUES ('431102', '4311', '芝山区');
INSERT INTO `province_city_district` VALUES ('431103', '4311', '冷水滩区');
INSERT INTO `province_city_district` VALUES ('431121', '4311', '祁阳县');
INSERT INTO `province_city_district` VALUES ('431122', '4311', '东安县');
INSERT INTO `province_city_district` VALUES ('431123', '4311', '双牌县');
INSERT INTO `province_city_district` VALUES ('431124', '4311', '道  县');
INSERT INTO `province_city_district` VALUES ('431125', '4311', '江永县');
INSERT INTO `province_city_district` VALUES ('431126', '4311', '宁远县');
INSERT INTO `province_city_district` VALUES ('431127', '4311', '蓝山县');
INSERT INTO `province_city_district` VALUES ('431128', '4311', '新田县');
INSERT INTO `province_city_district` VALUES ('431129', '4311', '江华瑶族自治县');
INSERT INTO `province_city_district` VALUES ('431201', '4312', '市辖区');
INSERT INTO `province_city_district` VALUES ('431202', '4312', '鹤城区');
INSERT INTO `province_city_district` VALUES ('431221', '4312', '中方县');
INSERT INTO `province_city_district` VALUES ('431222', '4312', '沅陵县');
INSERT INTO `province_city_district` VALUES ('431223', '4312', '辰溪县');
INSERT INTO `province_city_district` VALUES ('431224', '4312', '溆浦县');
INSERT INTO `province_city_district` VALUES ('431225', '4312', '会同县');
INSERT INTO `province_city_district` VALUES ('431226', '4312', '麻阳苗族自治县');
INSERT INTO `province_city_district` VALUES ('431227', '4312', '新晃侗族自治县');
INSERT INTO `province_city_district` VALUES ('431228', '4312', '芷江侗族自治县');
INSERT INTO `province_city_district` VALUES ('431229', '4312', '靖州苗族侗族自治县');
INSERT INTO `province_city_district` VALUES ('431230', '4312', '通道侗族自治县');
INSERT INTO `province_city_district` VALUES ('431281', '4312', '洪江市');
INSERT INTO `province_city_district` VALUES ('431301', '4313', '市辖区');
INSERT INTO `province_city_district` VALUES ('431302', '4313', '娄星区');
INSERT INTO `province_city_district` VALUES ('431321', '4313', '双峰县');
INSERT INTO `province_city_district` VALUES ('431322', '4313', '新化县');
INSERT INTO `province_city_district` VALUES ('431381', '4313', '冷水江市');
INSERT INTO `province_city_district` VALUES ('431382', '4313', '涟源市');
INSERT INTO `province_city_district` VALUES ('433101', '4331', '吉首市');
INSERT INTO `province_city_district` VALUES ('433122', '4331', '泸溪县');
INSERT INTO `province_city_district` VALUES ('433123', '4331', '凤凰县');
INSERT INTO `province_city_district` VALUES ('433124', '4331', '花垣县');
INSERT INTO `province_city_district` VALUES ('433125', '4331', '保靖县');
INSERT INTO `province_city_district` VALUES ('433126', '4331', '古丈县');
INSERT INTO `province_city_district` VALUES ('433127', '4331', '永顺县');
INSERT INTO `province_city_district` VALUES ('433130', '4331', '龙山县');
INSERT INTO `province_city_district` VALUES ('440101', '4401', '市辖区');
INSERT INTO `province_city_district` VALUES ('440102', '4401', '东山区');
INSERT INTO `province_city_district` VALUES ('440103', '4401', '荔湾区');
INSERT INTO `province_city_district` VALUES ('440104', '4401', '越秀区');
INSERT INTO `province_city_district` VALUES ('440105', '4401', '海珠区');
INSERT INTO `province_city_district` VALUES ('440106', '4401', '天河区');
INSERT INTO `province_city_district` VALUES ('440107', '4401', '芳村区');
INSERT INTO `province_city_district` VALUES ('440111', '4401', '白云区');
INSERT INTO `province_city_district` VALUES ('440112', '4401', '黄埔区');
INSERT INTO `province_city_district` VALUES ('440113', '4401', '番禺区');
INSERT INTO `province_city_district` VALUES ('440114', '4401', '花都区');
INSERT INTO `province_city_district` VALUES ('440183', '4401', '增城市');
INSERT INTO `province_city_district` VALUES ('440184', '4401', '从化市');
INSERT INTO `province_city_district` VALUES ('440201', '4402', '市辖区');
INSERT INTO `province_city_district` VALUES ('440202', '4402', '北江区');
INSERT INTO `province_city_district` VALUES ('440203', '4402', '武江区');
INSERT INTO `province_city_district` VALUES ('440204', '4402', '浈江区');
INSERT INTO `province_city_district` VALUES ('440221', '4402', '曲江县');
INSERT INTO `province_city_district` VALUES ('440222', '4402', '始兴县');
INSERT INTO `province_city_district` VALUES ('440224', '4402', '仁化县');
INSERT INTO `province_city_district` VALUES ('440229', '4402', '翁源县');
INSERT INTO `province_city_district` VALUES ('440232', '4402', '乳源瑶族自治县');
INSERT INTO `province_city_district` VALUES ('440233', '4402', '新丰县');
INSERT INTO `province_city_district` VALUES ('440281', '4402', '乐昌市');
INSERT INTO `province_city_district` VALUES ('440282', '4402', '南雄市');
INSERT INTO `province_city_district` VALUES ('440301', '4403', '市辖区');
INSERT INTO `province_city_district` VALUES ('440303', '4403', '罗湖区');
INSERT INTO `province_city_district` VALUES ('440304', '4403', '福田区');
INSERT INTO `province_city_district` VALUES ('440305', '4403', '南山区');
INSERT INTO `province_city_district` VALUES ('440306', '4403', '宝安区');
INSERT INTO `province_city_district` VALUES ('440307', '4403', '龙岗区');
INSERT INTO `province_city_district` VALUES ('440308', '4403', '盐田区');
INSERT INTO `province_city_district` VALUES ('440401', '4404', '市辖区');
INSERT INTO `province_city_district` VALUES ('440402', '4404', '香洲区');
INSERT INTO `province_city_district` VALUES ('440421', '4404', '斗门县');
INSERT INTO `province_city_district` VALUES ('440501', '4405', '市辖区');
INSERT INTO `province_city_district` VALUES ('440506', '4405', '达濠区');
INSERT INTO `province_city_district` VALUES ('440507', '4405', '龙湖区');
INSERT INTO `province_city_district` VALUES ('440508', '4405', '金园区');
INSERT INTO `province_city_district` VALUES ('440509', '4405', '升平区');
INSERT INTO `province_city_district` VALUES ('440510', '4405', '河浦区');
INSERT INTO `province_city_district` VALUES ('440523', '4405', '南澳县');
INSERT INTO `province_city_district` VALUES ('440582', '4405', '潮阳市');
INSERT INTO `province_city_district` VALUES ('440583', '4405', '澄海市');
INSERT INTO `province_city_district` VALUES ('440601', '4406', '市辖区');
INSERT INTO `province_city_district` VALUES ('440602', '4406', '城  区');
INSERT INTO `province_city_district` VALUES ('440603', '4406', '石湾区');
INSERT INTO `province_city_district` VALUES ('440681', '4406', '顺德市');
INSERT INTO `province_city_district` VALUES ('440682', '4406', '南海市');
INSERT INTO `province_city_district` VALUES ('440683', '4406', '三水市');
INSERT INTO `province_city_district` VALUES ('440684', '4406', '高明市');
INSERT INTO `province_city_district` VALUES ('440701', '4407', '市辖区');
INSERT INTO `province_city_district` VALUES ('440703', '4407', '蓬江区');
INSERT INTO `province_city_district` VALUES ('440704', '4407', '江海区');
INSERT INTO `province_city_district` VALUES ('440781', '4407', '台山市');
INSERT INTO `province_city_district` VALUES ('440782', '4407', '新会市');
INSERT INTO `province_city_district` VALUES ('440783', '4407', '开平市');
INSERT INTO `province_city_district` VALUES ('440784', '4407', '鹤山市');
INSERT INTO `province_city_district` VALUES ('440785', '4407', '恩平市');
INSERT INTO `province_city_district` VALUES ('440801', '4408', '市辖区');
INSERT INTO `province_city_district` VALUES ('440802', '4408', '赤坎区');
INSERT INTO `province_city_district` VALUES ('440803', '4408', '霞山区');
INSERT INTO `province_city_district` VALUES ('440804', '4408', '坡头区');
INSERT INTO `province_city_district` VALUES ('440811', '4408', '麻章区');
INSERT INTO `province_city_district` VALUES ('440823', '4408', '遂溪县');
INSERT INTO `province_city_district` VALUES ('440825', '4408', '徐闻县');
INSERT INTO `province_city_district` VALUES ('440881', '4408', '廉江市');
INSERT INTO `province_city_district` VALUES ('440882', '4408', '雷州市');
INSERT INTO `province_city_district` VALUES ('440883', '4408', '吴川市');
INSERT INTO `province_city_district` VALUES ('440901', '4409', '市辖区');
INSERT INTO `province_city_district` VALUES ('440902', '4409', '茂南区');
INSERT INTO `province_city_district` VALUES ('440923', '4409', '电白县');
INSERT INTO `province_city_district` VALUES ('440981', '4409', '高州市');
INSERT INTO `province_city_district` VALUES ('440982', '4409', '化州市');
INSERT INTO `province_city_district` VALUES ('440983', '4409', '信宜市');
INSERT INTO `province_city_district` VALUES ('441201', '4412', '市辖区');
INSERT INTO `province_city_district` VALUES ('441202', '4412', '端州区');
INSERT INTO `province_city_district` VALUES ('441203', '4412', '鼎湖区');
INSERT INTO `province_city_district` VALUES ('441223', '4412', '广宁县');
INSERT INTO `province_city_district` VALUES ('441224', '4412', '怀集县');
INSERT INTO `province_city_district` VALUES ('441225', '4412', '封开县');
INSERT INTO `province_city_district` VALUES ('441226', '4412', '德庆县');
INSERT INTO `province_city_district` VALUES ('441283', '4412', '高要市');
INSERT INTO `province_city_district` VALUES ('441284', '4412', '四会市');
INSERT INTO `province_city_district` VALUES ('441301', '4413', '市辖区');
INSERT INTO `province_city_district` VALUES ('441302', '4413', '惠城区');
INSERT INTO `province_city_district` VALUES ('441322', '4413', '博罗县');
INSERT INTO `province_city_district` VALUES ('441323', '4413', '惠东县');
INSERT INTO `province_city_district` VALUES ('441324', '4413', '龙门县');
INSERT INTO `province_city_district` VALUES ('441381', '4413', '惠阳市');
INSERT INTO `province_city_district` VALUES ('441401', '4414', '市辖区');
INSERT INTO `province_city_district` VALUES ('441402', '4414', '梅江区');
INSERT INTO `province_city_district` VALUES ('441421', '4414', '梅  县');
INSERT INTO `province_city_district` VALUES ('441422', '4414', '大埔县');
INSERT INTO `province_city_district` VALUES ('441423', '4414', '丰顺县');
INSERT INTO `province_city_district` VALUES ('441424', '4414', '五华县');
INSERT INTO `province_city_district` VALUES ('441426', '4414', '平远县');
INSERT INTO `province_city_district` VALUES ('441427', '4414', '蕉岭县');
INSERT INTO `province_city_district` VALUES ('441481', '4414', '兴宁市');
INSERT INTO `province_city_district` VALUES ('441501', '4415', '市辖区');
INSERT INTO `province_city_district` VALUES ('441502', '4415', '城  区');
INSERT INTO `province_city_district` VALUES ('441521', '4415', '海丰县');
INSERT INTO `province_city_district` VALUES ('441523', '4415', '陆河县');
INSERT INTO `province_city_district` VALUES ('441581', '4415', '陆丰市');
INSERT INTO `province_city_district` VALUES ('441601', '4416', '市辖区');
INSERT INTO `province_city_district` VALUES ('441602', '4416', '源城区');
INSERT INTO `province_city_district` VALUES ('441621', '4416', '紫金县');
INSERT INTO `province_city_district` VALUES ('441622', '4416', '龙川县');
INSERT INTO `province_city_district` VALUES ('441623', '4416', '连平县');
INSERT INTO `province_city_district` VALUES ('441624', '4416', '和平县');
INSERT INTO `province_city_district` VALUES ('441625', '4416', '东源县');
INSERT INTO `province_city_district` VALUES ('441701', '4417', '市辖区');
INSERT INTO `province_city_district` VALUES ('441702', '4417', '江城区');
INSERT INTO `province_city_district` VALUES ('441721', '4417', '阳西县');
INSERT INTO `province_city_district` VALUES ('441723', '4417', '阳东县');
INSERT INTO `province_city_district` VALUES ('441781', '4417', '阳春市');
INSERT INTO `province_city_district` VALUES ('441801', '4418', '市辖区');
INSERT INTO `province_city_district` VALUES ('441802', '4418', '清城区');
INSERT INTO `province_city_district` VALUES ('441821', '4418', '佛冈县');
INSERT INTO `province_city_district` VALUES ('441823', '4418', '阳山县');
INSERT INTO `province_city_district` VALUES ('441825', '4418', '连山壮族瑶族自治县');
INSERT INTO `province_city_district` VALUES ('441826', '4418', '连南瑶族自治县');
INSERT INTO `province_city_district` VALUES ('441827', '4418', '清新县');
INSERT INTO `province_city_district` VALUES ('441881', '4418', '英德市');
INSERT INTO `province_city_district` VALUES ('441882', '4418', '连州市');
INSERT INTO `province_city_district` VALUES ('441901', '4419', '莞城区');
INSERT INTO `province_city_district` VALUES ('441902', '4419', '东城区');
INSERT INTO `province_city_district` VALUES ('441903', '4419', '南城区');
INSERT INTO `province_city_district` VALUES ('441904', '4419', '万江区');
INSERT INTO `province_city_district` VALUES ('442001', '4420', '石岐区');
INSERT INTO `province_city_district` VALUES ('442002', '4420', '东区');
INSERT INTO `province_city_district` VALUES ('442003', '4420', '西区');
INSERT INTO `province_city_district` VALUES ('442004', '4420', '南区');
INSERT INTO `province_city_district` VALUES ('442005', '4420', '五桂山');
INSERT INTO `province_city_district` VALUES ('445101', '4451', '市辖区');
INSERT INTO `province_city_district` VALUES ('445102', '4451', '湘桥区');
INSERT INTO `province_city_district` VALUES ('445121', '4451', '潮安县');
INSERT INTO `province_city_district` VALUES ('445122', '4451', '饶平县');
INSERT INTO `province_city_district` VALUES ('445201', '4452', '市辖区');
INSERT INTO `province_city_district` VALUES ('445202', '4452', '榕城区');
INSERT INTO `province_city_district` VALUES ('445221', '4452', '揭东县');
INSERT INTO `province_city_district` VALUES ('445222', '4452', '揭西县');
INSERT INTO `province_city_district` VALUES ('445224', '4452', '惠来县');
INSERT INTO `province_city_district` VALUES ('445281', '4452', '普宁市');
INSERT INTO `province_city_district` VALUES ('445301', '4453', '市辖区');
INSERT INTO `province_city_district` VALUES ('445302', '4453', '云城区');
INSERT INTO `province_city_district` VALUES ('445321', '4453', '新兴县');
INSERT INTO `province_city_district` VALUES ('445322', '4453', '郁南县');
INSERT INTO `province_city_district` VALUES ('445323', '4453', '云安县');
INSERT INTO `province_city_district` VALUES ('445381', '4453', '罗定市');
INSERT INTO `province_city_district` VALUES ('450101', '4501', '市辖区');
INSERT INTO `province_city_district` VALUES ('450102', '4501', '兴宁区');
INSERT INTO `province_city_district` VALUES ('450103', '4501', '新城区');
INSERT INTO `province_city_district` VALUES ('450104', '4501', '城北区');
INSERT INTO `province_city_district` VALUES ('450105', '4501', '江南区');
INSERT INTO `province_city_district` VALUES ('450106', '4501', '永新区');
INSERT INTO `province_city_district` VALUES ('450111', '4501', '市郊区');
INSERT INTO `province_city_district` VALUES ('450121', '4501', '邕宁县');
INSERT INTO `province_city_district` VALUES ('450122', '4501', '武鸣县');
INSERT INTO `province_city_district` VALUES ('450201', '4502', '市辖区');
INSERT INTO `province_city_district` VALUES ('450202', '4502', '城中区');
INSERT INTO `province_city_district` VALUES ('450203', '4502', '鱼峰区');
INSERT INTO `province_city_district` VALUES ('450204', '4502', '柳南区');
INSERT INTO `province_city_district` VALUES ('450205', '4502', '柳北区');
INSERT INTO `province_city_district` VALUES ('450211', '4502', '市郊区');
INSERT INTO `province_city_district` VALUES ('450221', '4502', '柳江县');
INSERT INTO `province_city_district` VALUES ('450222', '4502', '柳城县');
INSERT INTO `province_city_district` VALUES ('450301', '4503', '市辖区');
INSERT INTO `province_city_district` VALUES ('450302', '4503', '秀峰区');
INSERT INTO `province_city_district` VALUES ('450303', '4503', '叠彩区');
INSERT INTO `province_city_district` VALUES ('450304', '4503', '象山区');
INSERT INTO `province_city_district` VALUES ('450305', '4503', '七星区');
INSERT INTO `province_city_district` VALUES ('450311', '4503', '雁山区');
INSERT INTO `province_city_district` VALUES ('450321', '4503', '阳朔县');
INSERT INTO `province_city_district` VALUES ('450322', '4503', '临桂县');
INSERT INTO `province_city_district` VALUES ('450323', '4503', '灵川县');
INSERT INTO `province_city_district` VALUES ('450324', '4503', '全州县');
INSERT INTO `province_city_district` VALUES ('450325', '4503', '兴安县');
INSERT INTO `province_city_district` VALUES ('450326', '4503', '永福县');
INSERT INTO `province_city_district` VALUES ('450327', '4503', '灌阳县');
INSERT INTO `province_city_district` VALUES ('450328', '4503', '龙胜各县自治区');
INSERT INTO `province_city_district` VALUES ('450329', '4503', '资源县');
INSERT INTO `province_city_district` VALUES ('450330', '4503', '平乐县');
INSERT INTO `province_city_district` VALUES ('450331', '4503', '荔蒲县');
INSERT INTO `province_city_district` VALUES ('450332', '4503', '恭城瑶族自治县');
INSERT INTO `province_city_district` VALUES ('450401', '4504', '市辖区');
INSERT INTO `province_city_district` VALUES ('450403', '4504', '万秀区');
INSERT INTO `province_city_district` VALUES ('450404', '4504', '蝶山区');
INSERT INTO `province_city_district` VALUES ('450411', '4504', '市郊区');
INSERT INTO `province_city_district` VALUES ('450421', '4504', '苍梧县');
INSERT INTO `province_city_district` VALUES ('450422', '4504', '藤  县');
INSERT INTO `province_city_district` VALUES ('450423', '4504', '蒙山县');
INSERT INTO `province_city_district` VALUES ('450481', '4504', '岑溪市');
INSERT INTO `province_city_district` VALUES ('450501', '4505', '市辖区');
INSERT INTO `province_city_district` VALUES ('450502', '4505', '海城区');
INSERT INTO `province_city_district` VALUES ('450503', '4505', '银海区');
INSERT INTO `province_city_district` VALUES ('450512', '4505', '铁山港区');
INSERT INTO `province_city_district` VALUES ('450521', '4505', '合浦县');
INSERT INTO `province_city_district` VALUES ('450601', '4506', '市辖区');
INSERT INTO `province_city_district` VALUES ('450602', '4506', '港口区');
INSERT INTO `province_city_district` VALUES ('450603', '4506', '防城区');
INSERT INTO `province_city_district` VALUES ('450621', '4506', '上思县');
INSERT INTO `province_city_district` VALUES ('450681', '4506', '东兴市');
INSERT INTO `province_city_district` VALUES ('450701', '4507', '市辖区');
INSERT INTO `province_city_district` VALUES ('450702', '4507', '钦南区');
INSERT INTO `province_city_district` VALUES ('450703', '4507', '钦北区');
INSERT INTO `province_city_district` VALUES ('450721', '4507', '浦北县');
INSERT INTO `province_city_district` VALUES ('450722', '4507', '灵山县');
INSERT INTO `province_city_district` VALUES ('450801', '4508', '市辖区');
INSERT INTO `province_city_district` VALUES ('450802', '4508', '港北区');
INSERT INTO `province_city_district` VALUES ('450803', '4508', '港南区');
INSERT INTO `province_city_district` VALUES ('450821', '4508', '平南县');
INSERT INTO `province_city_district` VALUES ('450881', '4508', '桂平市');
INSERT INTO `province_city_district` VALUES ('450901', '4509', '市辖区');
INSERT INTO `province_city_district` VALUES ('450902', '4509', '玉州区');
INSERT INTO `province_city_district` VALUES ('450921', '4509', '容  县');
INSERT INTO `province_city_district` VALUES ('450922', '4509', '陆川县');
INSERT INTO `province_city_district` VALUES ('450923', '4509', '博白县');
INSERT INTO `province_city_district` VALUES ('450924', '4509', '兴业县');
INSERT INTO `province_city_district` VALUES ('450981', '4509', '北流市');
INSERT INTO `province_city_district` VALUES ('452101', '4521', '凭祥市');
INSERT INTO `province_city_district` VALUES ('452122', '4521', '横  县');
INSERT INTO `province_city_district` VALUES ('452123', '4521', '宾阳县');
INSERT INTO `province_city_district` VALUES ('452124', '4521', '上林县');
INSERT INTO `province_city_district` VALUES ('452126', '4521', '隆安县');
INSERT INTO `province_city_district` VALUES ('452127', '4521', '马山县');
INSERT INTO `province_city_district` VALUES ('452128', '4521', '扶绥县');
INSERT INTO `province_city_district` VALUES ('452129', '4521', '崇左县');
INSERT INTO `province_city_district` VALUES ('452130', '4521', '大新县');
INSERT INTO `province_city_district` VALUES ('452131', '4521', '天等县');
INSERT INTO `province_city_district` VALUES ('452132', '4521', '宁明县');
INSERT INTO `province_city_district` VALUES ('452133', '4521', '龙州县');
INSERT INTO `province_city_district` VALUES ('452201', '4522', '合山市');
INSERT INTO `province_city_district` VALUES ('452223', '4522', '鹿寨县');
INSERT INTO `province_city_district` VALUES ('452224', '4522', '象州县');
INSERT INTO `province_city_district` VALUES ('452225', '4522', '武宣县');
INSERT INTO `province_city_district` VALUES ('452226', '4522', '来宾县');
INSERT INTO `province_city_district` VALUES ('452227', '4522', '融安县');
INSERT INTO `province_city_district` VALUES ('452228', '4522', '三江侗族自治县');
INSERT INTO `province_city_district` VALUES ('452229', '4522', '融水苗族自治县');
INSERT INTO `province_city_district` VALUES ('452230', '4522', '金秀瑶族自治县');
INSERT INTO `province_city_district` VALUES ('452231', '4522', '忻城县');
INSERT INTO `province_city_district` VALUES ('452402', '4524', '贺州市');
INSERT INTO `province_city_district` VALUES ('452424', '4524', '昭平县');
INSERT INTO `province_city_district` VALUES ('452427', '4524', '钟山县');
INSERT INTO `province_city_district` VALUES ('452428', '4524', '富川瑶族自治县');
INSERT INTO `province_city_district` VALUES ('452601', '4526', '百色市');
INSERT INTO `province_city_district` VALUES ('452622', '4526', '田阳县');
INSERT INTO `province_city_district` VALUES ('452623', '4526', '田东县');
INSERT INTO `province_city_district` VALUES ('452624', '4526', '平果县');
INSERT INTO `province_city_district` VALUES ('452625', '4526', '德保县');
INSERT INTO `province_city_district` VALUES ('452626', '4526', '靖西县');
INSERT INTO `province_city_district` VALUES ('452627', '4526', '那坡县');
INSERT INTO `province_city_district` VALUES ('452628', '4526', '凌云县');
INSERT INTO `province_city_district` VALUES ('452629', '4526', '乐业县');
INSERT INTO `province_city_district` VALUES ('452630', '4526', '田林县');
INSERT INTO `province_city_district` VALUES ('452631', '4526', '隆林各族自治县');
INSERT INTO `province_city_district` VALUES ('452632', '4526', '西林县');
INSERT INTO `province_city_district` VALUES ('452701', '4527', '河池市');
INSERT INTO `province_city_district` VALUES ('452702', '4527', '宜州市');
INSERT INTO `province_city_district` VALUES ('452723', '4527', '罗城仫佬族自治县');
INSERT INTO `province_city_district` VALUES ('452724', '4527', '环江毛南族自治县');
INSERT INTO `province_city_district` VALUES ('452725', '4527', '南丹县');
INSERT INTO `province_city_district` VALUES ('452726', '4527', '天峨县');
INSERT INTO `province_city_district` VALUES ('452727', '4527', '凤山县');
INSERT INTO `province_city_district` VALUES ('452728', '4527', '东兰县');
INSERT INTO `province_city_district` VALUES ('452729', '4527', '巴马瑶族自治县');
INSERT INTO `province_city_district` VALUES ('452730', '4527', '都安瑶族自治县');
INSERT INTO `province_city_district` VALUES ('452731', '4527', '大化瑶族自治县');
INSERT INTO `province_city_district` VALUES ('460101', '4601', '通什市');
INSERT INTO `province_city_district` VALUES ('460102', '4601', '琼海市');
INSERT INTO `province_city_district` VALUES ('460103', '4601', '儋州市');
INSERT INTO `province_city_district` VALUES ('460104', '4601', '琼山市');
INSERT INTO `province_city_district` VALUES ('460105', '4601', '文昌市');
INSERT INTO `province_city_district` VALUES ('460106', '4601', '万宁市');
INSERT INTO `province_city_district` VALUES ('460107', '4601', '东方市');
INSERT INTO `province_city_district` VALUES ('460125', '4601', '定安县');
INSERT INTO `province_city_district` VALUES ('460126', '4601', '屯昌县');
INSERT INTO `province_city_district` VALUES ('460127', '4601', '澄迈县');
INSERT INTO `province_city_district` VALUES ('460128', '4601', '临高县');
INSERT INTO `province_city_district` VALUES ('460130', '4601', '白沙黎族自治县');
INSERT INTO `province_city_district` VALUES ('460131', '4601', '昌江黎族自治县');
INSERT INTO `province_city_district` VALUES ('460133', '4601', '乐东黎族自治县');
INSERT INTO `province_city_district` VALUES ('460134', '4601', '陵水黎族自治县');
INSERT INTO `province_city_district` VALUES ('460135', '4601', '保亭黎族苗族自治县');
INSERT INTO `province_city_district` VALUES ('460136', '4601', '琼中黎族苗族自治县');
INSERT INTO `province_city_district` VALUES ('460137', '4601', '西沙群岛');
INSERT INTO `province_city_district` VALUES ('460138', '4601', '南沙群岛');
INSERT INTO `province_city_district` VALUES ('460139', '4601', '中沙群岛的岛礁及其海');
INSERT INTO `province_city_district` VALUES ('460201', '4602', '市辖区');
INSERT INTO `province_city_district` VALUES ('460202', '4602', '振东区');
INSERT INTO `province_city_district` VALUES ('460203', '4602', '新华区');
INSERT INTO `province_city_district` VALUES ('460204', '4602', '秀英区');
INSERT INTO `province_city_district` VALUES ('460301', '4603', '市辖区');
INSERT INTO `province_city_district` VALUES ('500101', '5001', '万州区');
INSERT INTO `province_city_district` VALUES ('500102', '5001', '涪陵区');
INSERT INTO `province_city_district` VALUES ('500103', '5001', '渝中区');
INSERT INTO `province_city_district` VALUES ('500104', '5001', '大渡口区');
INSERT INTO `province_city_district` VALUES ('500105', '5001', '江北区');
INSERT INTO `province_city_district` VALUES ('500106', '5001', '沙坪坝区');
INSERT INTO `province_city_district` VALUES ('500107', '5001', '九龙坡区');
INSERT INTO `province_city_district` VALUES ('500108', '5001', '南岸区');
INSERT INTO `province_city_district` VALUES ('500109', '5001', '北碚区');
INSERT INTO `province_city_district` VALUES ('500110', '5001', '万盛区');
INSERT INTO `province_city_district` VALUES ('500111', '5001', '双桥区');
INSERT INTO `province_city_district` VALUES ('500112', '5001', '渝北区');
INSERT INTO `province_city_district` VALUES ('500113', '5001', '巴南区');
INSERT INTO `province_city_district` VALUES ('500114', '5001', '黔江区');
INSERT INTO `province_city_district` VALUES ('500221', '5002', '长寿县');
INSERT INTO `province_city_district` VALUES ('500222', '5002', '綦江县');
INSERT INTO `province_city_district` VALUES ('500223', '5002', '潼南县');
INSERT INTO `province_city_district` VALUES ('500224', '5002', '铜梁县');
INSERT INTO `province_city_district` VALUES ('500225', '5002', '大足县');
INSERT INTO `province_city_district` VALUES ('500226', '5002', '荣昌县');
INSERT INTO `province_city_district` VALUES ('500227', '5002', '璧山县');
INSERT INTO `province_city_district` VALUES ('500228', '5002', '梁平县');
INSERT INTO `province_city_district` VALUES ('500229', '5002', '城口县');
INSERT INTO `province_city_district` VALUES ('500230', '5002', '丰都县');
INSERT INTO `province_city_district` VALUES ('500231', '5002', '垫江县');
INSERT INTO `province_city_district` VALUES ('500232', '5002', '武隆县');
INSERT INTO `province_city_district` VALUES ('500233', '5002', '忠  县');
INSERT INTO `province_city_district` VALUES ('500234', '5002', '开  县');
INSERT INTO `province_city_district` VALUES ('500235', '5002', '云阳县');
INSERT INTO `province_city_district` VALUES ('500236', '5002', '奉节县');
INSERT INTO `province_city_district` VALUES ('500237', '5002', '巫山县');
INSERT INTO `province_city_district` VALUES ('500238', '5002', '巫溪县');
INSERT INTO `province_city_district` VALUES ('500240', '5002', '石柱土家族自治县');
INSERT INTO `province_city_district` VALUES ('500241', '5002', '秀山土家族苗族自治县');
INSERT INTO `province_city_district` VALUES ('500242', '5002', '酉阳土家族苗族自治县');
INSERT INTO `province_city_district` VALUES ('500243', '5002', '彭水苗族土家族自治县');
INSERT INTO `province_city_district` VALUES ('500381', '5003', '江津市');
INSERT INTO `province_city_district` VALUES ('500382', '5003', '合川市');
INSERT INTO `province_city_district` VALUES ('500383', '5003', '永川市');
INSERT INTO `province_city_district` VALUES ('500384', '5003', '南川市');
INSERT INTO `province_city_district` VALUES ('510101', '5101', '市辖区');
INSERT INTO `province_city_district` VALUES ('510103', '5101', '高新区');
INSERT INTO `province_city_district` VALUES ('510104', '5101', '锦江区');
INSERT INTO `province_city_district` VALUES ('510105', '5101', '青羊区');
INSERT INTO `province_city_district` VALUES ('510106', '5101', '金牛区');
INSERT INTO `province_city_district` VALUES ('510107', '5101', '武侯区');
INSERT INTO `province_city_district` VALUES ('510108', '5101', '成华区');
INSERT INTO `province_city_district` VALUES ('510112', '5101', '龙泉驿区');
INSERT INTO `province_city_district` VALUES ('510113', '5101', '青白江区');
INSERT INTO `province_city_district` VALUES ('510121', '5101', '金堂县');
INSERT INTO `province_city_district` VALUES ('510122', '5101', '双流县');
INSERT INTO `province_city_district` VALUES ('510123', '5101', '温江县');
INSERT INTO `province_city_district` VALUES ('510124', '5101', '郫  县');
INSERT INTO `province_city_district` VALUES ('510125', '5101', '新都县');
INSERT INTO `province_city_district` VALUES ('510129', '5101', '大邑县');
INSERT INTO `province_city_district` VALUES ('510131', '5101', '蒲江县');
INSERT INTO `province_city_district` VALUES ('510132', '5101', '新津县');
INSERT INTO `province_city_district` VALUES ('510181', '5101', '都江堰市');
INSERT INTO `province_city_district` VALUES ('510182', '5101', '彭州市');
INSERT INTO `province_city_district` VALUES ('510183', '5101', '邛崃市');
INSERT INTO `province_city_district` VALUES ('510184', '5101', '崇州市');
INSERT INTO `province_city_district` VALUES ('510301', '5103', '市辖区');
INSERT INTO `province_city_district` VALUES ('510302', '5103', '自流井区');
INSERT INTO `province_city_district` VALUES ('510303', '5103', '贡井区');
INSERT INTO `province_city_district` VALUES ('510304', '5103', '大安区');
INSERT INTO `province_city_district` VALUES ('510311', '5103', '沿滩区');
INSERT INTO `province_city_district` VALUES ('510321', '5103', '荣  县');
INSERT INTO `province_city_district` VALUES ('510322', '5103', '富顺县');
INSERT INTO `province_city_district` VALUES ('510401', '5104', '市辖区');
INSERT INTO `province_city_district` VALUES ('510402', '5104', '东  区');
INSERT INTO `province_city_district` VALUES ('510403', '5104', '西  区');
INSERT INTO `province_city_district` VALUES ('510411', '5104', '仁和区');
INSERT INTO `province_city_district` VALUES ('510421', '5104', '米易县');
INSERT INTO `province_city_district` VALUES ('510422', '5104', '盐边县');
INSERT INTO `province_city_district` VALUES ('510501', '5105', '市辖区');
INSERT INTO `province_city_district` VALUES ('510502', '5105', '江阳区');
INSERT INTO `province_city_district` VALUES ('510503', '5105', '纳溪区');
INSERT INTO `province_city_district` VALUES ('510504', '5105', '龙马潭区');
INSERT INTO `province_city_district` VALUES ('510521', '5105', '泸  县');
INSERT INTO `province_city_district` VALUES ('510522', '5105', '合江县');
INSERT INTO `province_city_district` VALUES ('510524', '5105', '叙永县');
INSERT INTO `province_city_district` VALUES ('510525', '5105', '古蔺县');
INSERT INTO `province_city_district` VALUES ('510601', '5106', '市辖区');
INSERT INTO `province_city_district` VALUES ('510603', '5106', '旌阳区');
INSERT INTO `province_city_district` VALUES ('510623', '5106', '中江县');
INSERT INTO `province_city_district` VALUES ('510626', '5106', '罗江县');
INSERT INTO `province_city_district` VALUES ('510681', '5106', '广汉市');
INSERT INTO `province_city_district` VALUES ('510682', '5106', '什邡市');
INSERT INTO `province_city_district` VALUES ('510683', '5106', '绵竹市');
INSERT INTO `province_city_district` VALUES ('510701', '5107', '市辖区');
INSERT INTO `province_city_district` VALUES ('510703', '5107', '涪城区');
INSERT INTO `province_city_district` VALUES ('510704', '5107', '游仙区');
INSERT INTO `province_city_district` VALUES ('510710', '5107', '科学城区');
INSERT INTO `province_city_district` VALUES ('510722', '5107', '三台县');
INSERT INTO `province_city_district` VALUES ('510723', '5107', '盐亭县');
INSERT INTO `province_city_district` VALUES ('510724', '5107', '安  县');
INSERT INTO `province_city_district` VALUES ('510725', '5107', '梓潼县');
INSERT INTO `province_city_district` VALUES ('510726', '5107', '北川县');
INSERT INTO `province_city_district` VALUES ('510727', '5107', '平武县');
INSERT INTO `province_city_district` VALUES ('510781', '5107', '江油市');
INSERT INTO `province_city_district` VALUES ('510801', '5108', '市辖区');
INSERT INTO `province_city_district` VALUES ('510802', '5108', '市中区');
INSERT INTO `province_city_district` VALUES ('510811', '5108', '元坝区');
INSERT INTO `province_city_district` VALUES ('510812', '5108', '朝天区');
INSERT INTO `province_city_district` VALUES ('510821', '5108', '旺苍县');
INSERT INTO `province_city_district` VALUES ('510822', '5108', '青川县');
INSERT INTO `province_city_district` VALUES ('510823', '5108', '剑阁县');
INSERT INTO `province_city_district` VALUES ('510824', '5108', '苍溪县');
INSERT INTO `province_city_district` VALUES ('510901', '5109', '市辖区');
INSERT INTO `province_city_district` VALUES ('510902', '5109', '市中区');
INSERT INTO `province_city_district` VALUES ('510921', '5109', '蓬溪县');
INSERT INTO `province_city_district` VALUES ('510922', '5109', '射洪县');
INSERT INTO `province_city_district` VALUES ('510923', '5109', '大英县');
INSERT INTO `province_city_district` VALUES ('511001', '5110', '市辖区');
INSERT INTO `province_city_district` VALUES ('511002', '5110', '市中区');
INSERT INTO `province_city_district` VALUES ('511011', '5110', '东兴区');
INSERT INTO `province_city_district` VALUES ('511024', '5110', '威远县');
INSERT INTO `province_city_district` VALUES ('511025', '5110', '资中县');
INSERT INTO `province_city_district` VALUES ('511028', '5110', '隆昌县');
INSERT INTO `province_city_district` VALUES ('511101', '5111', '市辖区');
INSERT INTO `province_city_district` VALUES ('511102', '5111', '市中区');
INSERT INTO `province_city_district` VALUES ('511111', '5111', '沙湾区');
INSERT INTO `province_city_district` VALUES ('511112', '5111', '五通桥区');
INSERT INTO `province_city_district` VALUES ('511113', '5111', '金口河区');
INSERT INTO `province_city_district` VALUES ('511123', '5111', '犍为县');
INSERT INTO `province_city_district` VALUES ('511124', '5111', '井研县');
INSERT INTO `province_city_district` VALUES ('511126', '5111', '夹江县');
INSERT INTO `province_city_district` VALUES ('511129', '5111', '沐川县');
INSERT INTO `province_city_district` VALUES ('511132', '5111', '峨边彝族自治县');
INSERT INTO `province_city_district` VALUES ('511133', '5111', '马边彝族自治县');
INSERT INTO `province_city_district` VALUES ('511181', '5111', '峨眉山市');
INSERT INTO `province_city_district` VALUES ('511301', '5113', '市辖区');
INSERT INTO `province_city_district` VALUES ('511302', '5113', '顺庆区');
INSERT INTO `province_city_district` VALUES ('511303', '5113', '高坪区');
INSERT INTO `province_city_district` VALUES ('511304', '5113', '嘉陵区');
INSERT INTO `province_city_district` VALUES ('511321', '5113', '南部县');
INSERT INTO `province_city_district` VALUES ('511322', '5113', '营山县');
INSERT INTO `province_city_district` VALUES ('511323', '5113', '蓬安县');
INSERT INTO `province_city_district` VALUES ('511324', '5113', '仪陇县');
INSERT INTO `province_city_district` VALUES ('511325', '5113', '西充县');
INSERT INTO `province_city_district` VALUES ('511381', '5113', '阆中市');
INSERT INTO `province_city_district` VALUES ('511401', '5114', '市辖区');
INSERT INTO `province_city_district` VALUES ('511402', '5114', '东坡区');
INSERT INTO `province_city_district` VALUES ('511421', '5114', '仁寿县');
INSERT INTO `province_city_district` VALUES ('511422', '5114', '彭山县');
INSERT INTO `province_city_district` VALUES ('511423', '5114', '洪雅县');
INSERT INTO `province_city_district` VALUES ('511424', '5114', '丹棱县');
INSERT INTO `province_city_district` VALUES ('511425', '5114', '青神县');
INSERT INTO `province_city_district` VALUES ('511501', '5115', '市辖区');
INSERT INTO `province_city_district` VALUES ('511502', '5115', '翠屏区');
INSERT INTO `province_city_district` VALUES ('511521', '5115', '宜宾县');
INSERT INTO `province_city_district` VALUES ('511522', '5115', '南溪县');
INSERT INTO `province_city_district` VALUES ('511523', '5115', '江安县');
INSERT INTO `province_city_district` VALUES ('511524', '5115', '长宁县');
INSERT INTO `province_city_district` VALUES ('511525', '5115', '高  县');
INSERT INTO `province_city_district` VALUES ('511526', '5115', '珙  县');
INSERT INTO `province_city_district` VALUES ('511527', '5115', '筠连县');
INSERT INTO `province_city_district` VALUES ('511528', '5115', '兴文县');
INSERT INTO `province_city_district` VALUES ('511529', '5115', '屏山县');
INSERT INTO `province_city_district` VALUES ('511601', '5116', '市辖区');
INSERT INTO `province_city_district` VALUES ('511602', '5116', '广安区');
INSERT INTO `province_city_district` VALUES ('511621', '5116', '岳池县');
INSERT INTO `province_city_district` VALUES ('511622', '5116', '武胜县');
INSERT INTO `province_city_district` VALUES ('511623', '5116', '邻水县');
INSERT INTO `province_city_district` VALUES ('511681', '5116', '华蓥市');
INSERT INTO `province_city_district` VALUES ('511701', '5117', '市辖区');
INSERT INTO `province_city_district` VALUES ('511702', '5117', '通川区');
INSERT INTO `province_city_district` VALUES ('511721', '5117', '达  县');
INSERT INTO `province_city_district` VALUES ('511722', '5117', '宣汉县');
INSERT INTO `province_city_district` VALUES ('511723', '5117', '开江县');
INSERT INTO `province_city_district` VALUES ('511724', '5117', '大竹县');
INSERT INTO `province_city_district` VALUES ('511725', '5117', '渠  县');
INSERT INTO `province_city_district` VALUES ('511781', '5117', '万源市');
INSERT INTO `province_city_district` VALUES ('511801', '5118', '市辖区');
INSERT INTO `province_city_district` VALUES ('511802', '5118', '雨城区');
INSERT INTO `province_city_district` VALUES ('511821', '5118', '名山县');
INSERT INTO `province_city_district` VALUES ('511822', '5118', '荥经县');
INSERT INTO `province_city_district` VALUES ('511823', '5118', '汉源县');
INSERT INTO `province_city_district` VALUES ('511824', '5118', '石棉县');
INSERT INTO `province_city_district` VALUES ('511825', '5118', '天全县');
INSERT INTO `province_city_district` VALUES ('511826', '5118', '芦山县');
INSERT INTO `province_city_district` VALUES ('511827', '5118', '宝兴县');
INSERT INTO `province_city_district` VALUES ('511901', '5119', '市辖区');
INSERT INTO `province_city_district` VALUES ('511902', '5119', '巴州区');
INSERT INTO `province_city_district` VALUES ('511921', '5119', '通江县');
INSERT INTO `province_city_district` VALUES ('511922', '5119', '南江县');
INSERT INTO `province_city_district` VALUES ('511923', '5119', '平昌县');
INSERT INTO `province_city_district` VALUES ('512001', '5120', '市辖区');
INSERT INTO `province_city_district` VALUES ('512002', '5120', '雁江区');
INSERT INTO `province_city_district` VALUES ('512021', '5120', '安岳县');
INSERT INTO `province_city_district` VALUES ('512022', '5120', '乐至县');
INSERT INTO `province_city_district` VALUES ('512081', '5120', '简阳市');
INSERT INTO `province_city_district` VALUES ('513221', '5132', '汶川县');
INSERT INTO `province_city_district` VALUES ('513222', '5132', '理  县');
INSERT INTO `province_city_district` VALUES ('513223', '5132', '茂  县');
INSERT INTO `province_city_district` VALUES ('513224', '5132', '松潘县');
INSERT INTO `province_city_district` VALUES ('513225', '5132', '九寨沟县');
INSERT INTO `province_city_district` VALUES ('513226', '5132', '金川县');
INSERT INTO `province_city_district` VALUES ('513227', '5132', '小金县');
INSERT INTO `province_city_district` VALUES ('513228', '5132', '黑水县');
INSERT INTO `province_city_district` VALUES ('513229', '5132', '马尔康县');
INSERT INTO `province_city_district` VALUES ('513230', '5132', '壤塘县');
INSERT INTO `province_city_district` VALUES ('513231', '5132', '阿坝县');
INSERT INTO `province_city_district` VALUES ('513232', '5132', '若尔盖县');
INSERT INTO `province_city_district` VALUES ('513233', '5132', '红原县');
INSERT INTO `province_city_district` VALUES ('513321', '5133', '康定县');
INSERT INTO `province_city_district` VALUES ('513322', '5133', '泸定县');
INSERT INTO `province_city_district` VALUES ('513323', '5133', '丹巴县');
INSERT INTO `province_city_district` VALUES ('513324', '5133', '九龙县');
INSERT INTO `province_city_district` VALUES ('513325', '5133', '雅江县');
INSERT INTO `province_city_district` VALUES ('513326', '5133', '道孚县');
INSERT INTO `province_city_district` VALUES ('513327', '5133', '炉霍县');
INSERT INTO `province_city_district` VALUES ('513328', '5133', '甘孜县');
INSERT INTO `province_city_district` VALUES ('513329', '5133', '新龙县');
INSERT INTO `province_city_district` VALUES ('513330', '5133', '德格县');
INSERT INTO `province_city_district` VALUES ('513331', '5133', '白玉县');
INSERT INTO `province_city_district` VALUES ('513332', '5133', '石渠县');
INSERT INTO `province_city_district` VALUES ('513333', '5133', '色达县');
INSERT INTO `province_city_district` VALUES ('513334', '5133', '理塘县');
INSERT INTO `province_city_district` VALUES ('513335', '5133', '巴塘县');
INSERT INTO `province_city_district` VALUES ('513336', '5133', '乡城县');
INSERT INTO `province_city_district` VALUES ('513337', '5133', '稻城县');
INSERT INTO `province_city_district` VALUES ('513338', '5133', '得荣县');
INSERT INTO `province_city_district` VALUES ('513401', '5134', '西昌市');
INSERT INTO `province_city_district` VALUES ('513422', '5134', '木里藏族自治县');
INSERT INTO `province_city_district` VALUES ('513423', '5134', '盐源县');
INSERT INTO `province_city_district` VALUES ('513424', '5134', '德昌县');
INSERT INTO `province_city_district` VALUES ('513425', '5134', '会理县');
INSERT INTO `province_city_district` VALUES ('513426', '5134', '会东县');
INSERT INTO `province_city_district` VALUES ('513427', '5134', '宁南县');
INSERT INTO `province_city_district` VALUES ('513428', '5134', '普格县');
INSERT INTO `province_city_district` VALUES ('513429', '5134', '布拖县');
INSERT INTO `province_city_district` VALUES ('513430', '5134', '金阳县');
INSERT INTO `province_city_district` VALUES ('513431', '5134', '昭觉县');
INSERT INTO `province_city_district` VALUES ('513432', '5134', '喜德县');
INSERT INTO `province_city_district` VALUES ('513433', '5134', '冕宁县');
INSERT INTO `province_city_district` VALUES ('513434', '5134', '越西县');
INSERT INTO `province_city_district` VALUES ('513435', '5134', '甘洛县');
INSERT INTO `province_city_district` VALUES ('513436', '5134', '美姑县');
INSERT INTO `province_city_district` VALUES ('513437', '5134', '雷波县');
INSERT INTO `province_city_district` VALUES ('520101', '5201', '市辖区');
INSERT INTO `province_city_district` VALUES ('520102', '5201', '南明区');
INSERT INTO `province_city_district` VALUES ('520103', '5201', '云岩区');
INSERT INTO `province_city_district` VALUES ('520111', '5201', '花溪区');
INSERT INTO `province_city_district` VALUES ('520112', '5201', '乌当区');
INSERT INTO `province_city_district` VALUES ('520113', '5201', '白云区');
INSERT INTO `province_city_district` VALUES ('520114', '5201', '小河区');
INSERT INTO `province_city_district` VALUES ('520121', '5201', '开阳县');
INSERT INTO `province_city_district` VALUES ('520122', '5201', '息烽县');
INSERT INTO `province_city_district` VALUES ('520123', '5201', '修文县');
INSERT INTO `province_city_district` VALUES ('520181', '5201', '清镇市');
INSERT INTO `province_city_district` VALUES ('520201', '5202', '钟山区');
INSERT INTO `province_city_district` VALUES ('520203', '5202', '六枝特区');
INSERT INTO `province_city_district` VALUES ('520221', '5202', '水城县');
INSERT INTO `province_city_district` VALUES ('520222', '5202', '盘  县');
INSERT INTO `province_city_district` VALUES ('520301', '5203', '市辖区');
INSERT INTO `province_city_district` VALUES ('520302', '5203', '红花岗区');
INSERT INTO `province_city_district` VALUES ('520321', '5203', '遵义县');
INSERT INTO `province_city_district` VALUES ('520322', '5203', '桐梓县');
INSERT INTO `province_city_district` VALUES ('520323', '5203', '绥阳县');
INSERT INTO `province_city_district` VALUES ('520324', '5203', '正安县');
INSERT INTO `province_city_district` VALUES ('520325', '5203', '道真仡佬族苗族自治县');
INSERT INTO `province_city_district` VALUES ('520326', '5203', '务川仡佬族苗族自治县');
INSERT INTO `province_city_district` VALUES ('520327', '5203', '凤冈县');
INSERT INTO `province_city_district` VALUES ('520328', '5203', '湄潭县');
INSERT INTO `province_city_district` VALUES ('520329', '5203', '余庆县');
INSERT INTO `province_city_district` VALUES ('520330', '5203', '习水县');
INSERT INTO `province_city_district` VALUES ('520381', '5203', '赤水市');
INSERT INTO `province_city_district` VALUES ('520382', '5203', '仁怀市');
INSERT INTO `province_city_district` VALUES ('520401', '5204', '市辖区');
INSERT INTO `province_city_district` VALUES ('520402', '5204', '西秀区');
INSERT INTO `province_city_district` VALUES ('520421', '5204', '平坝县');
INSERT INTO `province_city_district` VALUES ('520422', '5204', '普定县');
INSERT INTO `province_city_district` VALUES ('520423', '5204', '镇宁布依族苗族自治县');
INSERT INTO `province_city_district` VALUES ('520424', '5204', '关岭布依族苗族自治县');
INSERT INTO `province_city_district` VALUES ('520425', '5204', '紫云苗族布依族自治县');
INSERT INTO `province_city_district` VALUES ('522201', '5222', '铜仁市');
INSERT INTO `province_city_district` VALUES ('522222', '5222', '江口县');
INSERT INTO `province_city_district` VALUES ('522223', '5222', '玉屏侗族自治县');
INSERT INTO `province_city_district` VALUES ('522224', '5222', '石阡县');
INSERT INTO `province_city_district` VALUES ('522225', '5222', '思南县');
INSERT INTO `province_city_district` VALUES ('522226', '5222', '印江土家族苗族自治县');
INSERT INTO `province_city_district` VALUES ('522227', '5222', '德江县');
INSERT INTO `province_city_district` VALUES ('522228', '5222', '沿河土家族自治县');
INSERT INTO `province_city_district` VALUES ('522229', '5222', '松桃苗族自治县');
INSERT INTO `province_city_district` VALUES ('522230', '5222', '万山特区');
INSERT INTO `province_city_district` VALUES ('522301', '5223', '兴义市');
INSERT INTO `province_city_district` VALUES ('522322', '5223', '兴仁县');
INSERT INTO `province_city_district` VALUES ('522323', '5223', '普安县');
INSERT INTO `province_city_district` VALUES ('522324', '5223', '晴隆县');
INSERT INTO `province_city_district` VALUES ('522325', '5223', '贞丰县');
INSERT INTO `province_city_district` VALUES ('522326', '5223', '望谟县');
INSERT INTO `province_city_district` VALUES ('522327', '5223', '册亨县');
INSERT INTO `province_city_district` VALUES ('522328', '5223', '安龙县');
INSERT INTO `province_city_district` VALUES ('522401', '5224', '毕节市');
INSERT INTO `province_city_district` VALUES ('522422', '5224', '大方县');
INSERT INTO `province_city_district` VALUES ('522423', '5224', '黔西县');
INSERT INTO `province_city_district` VALUES ('522424', '5224', '金沙县');
INSERT INTO `province_city_district` VALUES ('522425', '5224', '织金县');
INSERT INTO `province_city_district` VALUES ('522426', '5224', '纳雍县');
INSERT INTO `province_city_district` VALUES ('522427', '5224', '威宁彝族回族苗族自治');
INSERT INTO `province_city_district` VALUES ('522428', '5224', '赫章县');
INSERT INTO `province_city_district` VALUES ('522601', '5226', '凯里市');
INSERT INTO `province_city_district` VALUES ('522622', '5226', '黄平县');
INSERT INTO `province_city_district` VALUES ('522623', '5226', '施秉县');
INSERT INTO `province_city_district` VALUES ('522624', '5226', '三穗县');
INSERT INTO `province_city_district` VALUES ('522625', '5226', '镇远县');
INSERT INTO `province_city_district` VALUES ('522626', '5226', '岑巩县');
INSERT INTO `province_city_district` VALUES ('522627', '5226', '天柱县');
INSERT INTO `province_city_district` VALUES ('522628', '5226', '锦屏县');
INSERT INTO `province_city_district` VALUES ('522629', '5226', '剑河县');
INSERT INTO `province_city_district` VALUES ('522630', '5226', '台江县');
INSERT INTO `province_city_district` VALUES ('522631', '5226', '黎平县');
INSERT INTO `province_city_district` VALUES ('522632', '5226', '榕江县');
INSERT INTO `province_city_district` VALUES ('522633', '5226', '从江县');
INSERT INTO `province_city_district` VALUES ('522634', '5226', '雷山县');
INSERT INTO `province_city_district` VALUES ('522635', '5226', '麻江县');
INSERT INTO `province_city_district` VALUES ('522636', '5226', '丹寨县');
INSERT INTO `province_city_district` VALUES ('522701', '5227', '都匀市');
INSERT INTO `province_city_district` VALUES ('522702', '5227', '福泉市');
INSERT INTO `province_city_district` VALUES ('522722', '5227', '荔波县');
INSERT INTO `province_city_district` VALUES ('522723', '5227', '贵定县');
INSERT INTO `province_city_district` VALUES ('522725', '5227', '瓮安县');
INSERT INTO `province_city_district` VALUES ('522726', '5227', '独山县');
INSERT INTO `province_city_district` VALUES ('522727', '5227', '平塘县');
INSERT INTO `province_city_district` VALUES ('522728', '5227', '罗甸县');
INSERT INTO `province_city_district` VALUES ('522729', '5227', '长顺县');
INSERT INTO `province_city_district` VALUES ('522730', '5227', '龙里县');
INSERT INTO `province_city_district` VALUES ('522731', '5227', '惠水县');
INSERT INTO `province_city_district` VALUES ('522732', '5227', '三都水族自治县');
INSERT INTO `province_city_district` VALUES ('530101', '5301', '市辖区');
INSERT INTO `province_city_district` VALUES ('530102', '5301', '五华区');
INSERT INTO `province_city_district` VALUES ('530103', '5301', '盘龙区');
INSERT INTO `province_city_district` VALUES ('530111', '5301', '官渡区');
INSERT INTO `province_city_district` VALUES ('530112', '5301', '西山区');
INSERT INTO `province_city_district` VALUES ('530113', '5301', '东川区');
INSERT INTO `province_city_district` VALUES ('530121', '5301', '呈贡县');
INSERT INTO `province_city_district` VALUES ('530122', '5301', '晋宁县');
INSERT INTO `province_city_district` VALUES ('530124', '5301', '富民县');
INSERT INTO `province_city_district` VALUES ('530125', '5301', '宜良县');
INSERT INTO `province_city_district` VALUES ('530126', '5301', '石林彝族自治县');
INSERT INTO `province_city_district` VALUES ('530127', '5301', '嵩明县');
INSERT INTO `province_city_district` VALUES ('530128', '5301', '禄劝彝族苗族自治县');
INSERT INTO `province_city_district` VALUES ('530129', '5301', '寻甸回族彝族自治县');
INSERT INTO `province_city_district` VALUES ('530181', '5301', '安宁市');
INSERT INTO `province_city_district` VALUES ('530301', '5303', '市辖区');
INSERT INTO `province_city_district` VALUES ('530302', '5303', '麒麟区');
INSERT INTO `province_city_district` VALUES ('530321', '5303', '马龙县');
INSERT INTO `province_city_district` VALUES ('530322', '5303', '陆良县');
INSERT INTO `province_city_district` VALUES ('530323', '5303', '师宗县');
INSERT INTO `province_city_district` VALUES ('530324', '5303', '罗平县');
INSERT INTO `province_city_district` VALUES ('530325', '5303', '富源县');
INSERT INTO `province_city_district` VALUES ('530326', '5303', '会泽县');
INSERT INTO `province_city_district` VALUES ('530328', '5303', '沾益县');
INSERT INTO `province_city_district` VALUES ('530381', '5303', '宣威市');
INSERT INTO `province_city_district` VALUES ('530401', '5304', '市辖区');
INSERT INTO `province_city_district` VALUES ('530402', '5304', '红塔区');
INSERT INTO `province_city_district` VALUES ('530421', '5304', '江川县');
INSERT INTO `province_city_district` VALUES ('530422', '5304', '澄江县');
INSERT INTO `province_city_district` VALUES ('530423', '5304', '通海县');
INSERT INTO `province_city_district` VALUES ('530424', '5304', '华宁县');
INSERT INTO `province_city_district` VALUES ('530425', '5304', '易门县');
INSERT INTO `province_city_district` VALUES ('530426', '5304', '峨山彝族自治县');
INSERT INTO `province_city_district` VALUES ('530427', '5304', '新平彝族傣族自治县');
INSERT INTO `province_city_district` VALUES ('530428', '5304', '元江哈尼族彝族傣族自');
INSERT INTO `province_city_district` VALUES ('530501', '5305', '市辖区');
INSERT INTO `province_city_district` VALUES ('530502', '5305', '隆阳区');
INSERT INTO `province_city_district` VALUES ('530521', '5305', '施甸县');
INSERT INTO `province_city_district` VALUES ('530522', '5305', '腾冲县');
INSERT INTO `province_city_district` VALUES ('530523', '5305', '龙陵县');
INSERT INTO `province_city_district` VALUES ('530524', '5305', '昌宁县');
INSERT INTO `province_city_district` VALUES ('532101', '5321', '昭通市');
INSERT INTO `province_city_district` VALUES ('532122', '5321', '鲁甸县');
INSERT INTO `province_city_district` VALUES ('532123', '5321', '巧家县');
INSERT INTO `province_city_district` VALUES ('532124', '5321', '盐津县');
INSERT INTO `province_city_district` VALUES ('532125', '5321', '大关县');
INSERT INTO `province_city_district` VALUES ('532126', '5321', '永善县');
INSERT INTO `province_city_district` VALUES ('532127', '5321', '绥江县');
INSERT INTO `province_city_district` VALUES ('532128', '5321', '镇雄县');
INSERT INTO `province_city_district` VALUES ('532129', '5321', '彝良县');
INSERT INTO `province_city_district` VALUES ('532130', '5321', '威信县');
INSERT INTO `province_city_district` VALUES ('532131', '5321', '水富县');
INSERT INTO `province_city_district` VALUES ('532301', '5323', '楚雄市');
INSERT INTO `province_city_district` VALUES ('532322', '5323', '双柏县');
INSERT INTO `province_city_district` VALUES ('532323', '5323', '牟定县');
INSERT INTO `province_city_district` VALUES ('532324', '5323', '南华县');
INSERT INTO `province_city_district` VALUES ('532325', '5323', '姚安县');
INSERT INTO `province_city_district` VALUES ('532326', '5323', '大姚县');
INSERT INTO `province_city_district` VALUES ('532327', '5323', '永仁县');
INSERT INTO `province_city_district` VALUES ('532328', '5323', '元谋县');
INSERT INTO `province_city_district` VALUES ('532329', '5323', '武定县');
INSERT INTO `province_city_district` VALUES ('532331', '5323', '禄丰县');
INSERT INTO `province_city_district` VALUES ('532501', '5325', '个旧市');
INSERT INTO `province_city_district` VALUES ('532502', '5325', '开远市');
INSERT INTO `province_city_district` VALUES ('532522', '5325', '蒙自县');
INSERT INTO `province_city_district` VALUES ('532523', '5325', '屏边苗族自治县');
INSERT INTO `province_city_district` VALUES ('532524', '5325', '建水县');
INSERT INTO `province_city_district` VALUES ('532525', '5325', '石屏县');
INSERT INTO `province_city_district` VALUES ('532526', '5325', '弥勒县');
INSERT INTO `province_city_district` VALUES ('532527', '5325', '泸西县');
INSERT INTO `province_city_district` VALUES ('532528', '5325', '元阳县');
INSERT INTO `province_city_district` VALUES ('532529', '5325', '红河县');
INSERT INTO `province_city_district` VALUES ('532530', '5325', '金平苗族瑶族傣族自治');
INSERT INTO `province_city_district` VALUES ('532531', '5325', '绿春县');
INSERT INTO `province_city_district` VALUES ('532532', '5325', '河口瑶族自治县');
INSERT INTO `province_city_district` VALUES ('532621', '5326', '文山县');
INSERT INTO `province_city_district` VALUES ('532622', '5326', '砚山县');
INSERT INTO `province_city_district` VALUES ('532623', '5326', '西畴县');
INSERT INTO `province_city_district` VALUES ('532624', '5326', '麻栗坡县');
INSERT INTO `province_city_district` VALUES ('532625', '5326', '马关县');
INSERT INTO `province_city_district` VALUES ('532626', '5326', '丘北县');
INSERT INTO `province_city_district` VALUES ('532627', '5326', '广南县');
INSERT INTO `province_city_district` VALUES ('532628', '5326', '富宁县');
INSERT INTO `province_city_district` VALUES ('532701', '5327', '思茅市');
INSERT INTO `province_city_district` VALUES ('532722', '5327', '普洱哈尼族彝族自治县');
INSERT INTO `province_city_district` VALUES ('532723', '5327', '墨江哈尼族自治县');
INSERT INTO `province_city_district` VALUES ('532724', '5327', '景东彝族自治县');
INSERT INTO `province_city_district` VALUES ('532725', '5327', '景谷傣族彝族自治县');
INSERT INTO `province_city_district` VALUES ('532726', '5327', '镇沅彝族哈尼族拉祜族');
INSERT INTO `province_city_district` VALUES ('532727', '5327', '江城哈尼族彝族自治县');
INSERT INTO `province_city_district` VALUES ('532728', '5327', '孟连傣族拉祜族佤族自');
INSERT INTO `province_city_district` VALUES ('532729', '5327', '澜沧拉祜族自治县');
INSERT INTO `province_city_district` VALUES ('532730', '5327', '西盟佤族自治县');
INSERT INTO `province_city_district` VALUES ('532801', '5328', '景洪市');
INSERT INTO `province_city_district` VALUES ('532822', '5328', '勐海县');
INSERT INTO `province_city_district` VALUES ('532823', '5328', '勐腊县');
INSERT INTO `province_city_district` VALUES ('532901', '5329', '大理市');
INSERT INTO `province_city_district` VALUES ('532922', '5329', '漾濞彝族自治县');
INSERT INTO `province_city_district` VALUES ('532923', '5329', '祥云县');
INSERT INTO `province_city_district` VALUES ('532924', '5329', '宾川县');
INSERT INTO `province_city_district` VALUES ('532925', '5329', '弥渡县');
INSERT INTO `province_city_district` VALUES ('532926', '5329', '南涧彝族自治县');
INSERT INTO `province_city_district` VALUES ('532927', '5329', '巍山彝族回族自治县');
INSERT INTO `province_city_district` VALUES ('532928', '5329', '永平县');
INSERT INTO `province_city_district` VALUES ('532929', '5329', '云龙县');
INSERT INTO `province_city_district` VALUES ('532930', '5329', '洱源县');
INSERT INTO `province_city_district` VALUES ('532931', '5329', '剑川县');
INSERT INTO `province_city_district` VALUES ('532932', '5329', '鹤庆县');
INSERT INTO `province_city_district` VALUES ('533102', '5331', '瑞丽市');
INSERT INTO `province_city_district` VALUES ('533103', '5331', '潞西市');
INSERT INTO `province_city_district` VALUES ('533122', '5331', '梁河县');
INSERT INTO `province_city_district` VALUES ('533123', '5331', '盈江县');
INSERT INTO `province_city_district` VALUES ('533124', '5331', '陇川县');
INSERT INTO `province_city_district` VALUES ('533221', '5332', '丽江纳西族自治县');
INSERT INTO `province_city_district` VALUES ('533222', '5332', '永胜县');
INSERT INTO `province_city_district` VALUES ('533223', '5332', '华坪县');
INSERT INTO `province_city_district` VALUES ('533224', '5332', '宁蒗彝族自治县');
INSERT INTO `province_city_district` VALUES ('533321', '5333', '泸水县');
INSERT INTO `province_city_district` VALUES ('533323', '5333', '福贡县');
INSERT INTO `province_city_district` VALUES ('533324', '5333', '贡山独龙族怒族自治县');
INSERT INTO `province_city_district` VALUES ('533325', '5333', '兰坪白族普米族自治县');
INSERT INTO `province_city_district` VALUES ('533421', '5334', '中甸县');
INSERT INTO `province_city_district` VALUES ('533422', '5334', '德钦县');
INSERT INTO `province_city_district` VALUES ('533423', '5334', '维西傈僳族自治县');
INSERT INTO `province_city_district` VALUES ('533521', '5335', '临沧县');
INSERT INTO `province_city_district` VALUES ('533522', '5335', '凤庆县');
INSERT INTO `province_city_district` VALUES ('533523', '5335', '云  县');
INSERT INTO `province_city_district` VALUES ('533524', '5335', '永德县');
INSERT INTO `province_city_district` VALUES ('533525', '5335', '镇康县');
INSERT INTO `province_city_district` VALUES ('533526', '5335', '双江拉祜族佤族布朗族');
INSERT INTO `province_city_district` VALUES ('533527', '5335', '耿马傣族佤族自治县');
INSERT INTO `province_city_district` VALUES ('533528', '5335', '沧源佤族自治县');
INSERT INTO `province_city_district` VALUES ('540101', '5401', '市辖区');
INSERT INTO `province_city_district` VALUES ('540102', '5401', '城关区');
INSERT INTO `province_city_district` VALUES ('540121', '5401', '林周县');
INSERT INTO `province_city_district` VALUES ('540122', '5401', '当雄县');
INSERT INTO `province_city_district` VALUES ('540123', '5401', '尼木县');
INSERT INTO `province_city_district` VALUES ('540124', '5401', '曲水县');
INSERT INTO `province_city_district` VALUES ('540125', '5401', '堆龙德庆县');
INSERT INTO `province_city_district` VALUES ('540126', '5401', '达孜县');
INSERT INTO `province_city_district` VALUES ('540127', '5401', '墨竹工卡县');
INSERT INTO `province_city_district` VALUES ('542121', '5421', '昌都县');
INSERT INTO `province_city_district` VALUES ('542122', '5421', '江达县');
INSERT INTO `province_city_district` VALUES ('542123', '5421', '贡觉县');
INSERT INTO `province_city_district` VALUES ('542124', '5421', '类乌齐县');
INSERT INTO `province_city_district` VALUES ('542125', '5421', '丁青县');
INSERT INTO `province_city_district` VALUES ('542126', '5421', '察雅县');
INSERT INTO `province_city_district` VALUES ('542127', '5421', '八宿县');
INSERT INTO `province_city_district` VALUES ('542128', '5421', '左贡县');
INSERT INTO `province_city_district` VALUES ('542129', '5421', '芒康县');
INSERT INTO `province_city_district` VALUES ('542132', '5421', '洛隆县');
INSERT INTO `province_city_district` VALUES ('542133', '5421', '边坝县');
INSERT INTO `province_city_district` VALUES ('542221', '5422', '乃东县');
INSERT INTO `province_city_district` VALUES ('542222', '5422', '扎囊县');
INSERT INTO `province_city_district` VALUES ('542223', '5422', '贡嘎县');
INSERT INTO `province_city_district` VALUES ('542224', '5422', '桑日县');
INSERT INTO `province_city_district` VALUES ('542225', '5422', '琼结县');
INSERT INTO `province_city_district` VALUES ('542226', '5422', '曲松县');
INSERT INTO `province_city_district` VALUES ('542227', '5422', '措美县');
INSERT INTO `province_city_district` VALUES ('542228', '5422', '洛扎县');
INSERT INTO `province_city_district` VALUES ('542229', '5422', '加查县');
INSERT INTO `province_city_district` VALUES ('542231', '5422', '隆子县');
INSERT INTO `province_city_district` VALUES ('542232', '5422', '错那县');
INSERT INTO `province_city_district` VALUES ('542233', '5422', '浪卡子县');
INSERT INTO `province_city_district` VALUES ('542301', '5423', '日喀则市');
INSERT INTO `province_city_district` VALUES ('542322', '5423', '南木林县');
INSERT INTO `province_city_district` VALUES ('542323', '5423', '江孜县');
INSERT INTO `province_city_district` VALUES ('542324', '5423', '定日县');
INSERT INTO `province_city_district` VALUES ('542325', '5423', '萨迦县');
INSERT INTO `province_city_district` VALUES ('542326', '5423', '拉孜县');
INSERT INTO `province_city_district` VALUES ('542327', '5423', '昂仁县');
INSERT INTO `province_city_district` VALUES ('542328', '5423', '谢通门县');
INSERT INTO `province_city_district` VALUES ('542329', '5423', '白朗县');
INSERT INTO `province_city_district` VALUES ('542330', '5423', '仁布县');
INSERT INTO `province_city_district` VALUES ('542331', '5423', '康马县');
INSERT INTO `province_city_district` VALUES ('542332', '5423', '定结县');
INSERT INTO `province_city_district` VALUES ('542333', '5423', '仲巴县');
INSERT INTO `province_city_district` VALUES ('542334', '5423', '亚东县');
INSERT INTO `province_city_district` VALUES ('542335', '5423', '吉隆县');
INSERT INTO `province_city_district` VALUES ('542336', '5423', '聂拉木县');
INSERT INTO `province_city_district` VALUES ('542337', '5423', '萨嘎县');
INSERT INTO `province_city_district` VALUES ('542338', '5423', '岗巴县');
INSERT INTO `province_city_district` VALUES ('542421', '5424', '那曲县');
INSERT INTO `province_city_district` VALUES ('542422', '5424', '嘉黎县');
INSERT INTO `province_city_district` VALUES ('542423', '5424', '比如县');
INSERT INTO `province_city_district` VALUES ('542424', '5424', '聂荣县');
INSERT INTO `province_city_district` VALUES ('542425', '5424', '安多县');
INSERT INTO `province_city_district` VALUES ('542426', '5424', '申扎县');
INSERT INTO `province_city_district` VALUES ('542427', '5424', '索  县');
INSERT INTO `province_city_district` VALUES ('542428', '5424', '班戈县');
INSERT INTO `province_city_district` VALUES ('542429', '5424', '巴青县');
INSERT INTO `province_city_district` VALUES ('542430', '5424', '尼玛县');
INSERT INTO `province_city_district` VALUES ('542521', '5425', '普兰县');
INSERT INTO `province_city_district` VALUES ('542522', '5425', '札达县');
INSERT INTO `province_city_district` VALUES ('542523', '5425', '噶尔县');
INSERT INTO `province_city_district` VALUES ('542524', '5425', '日土县');
INSERT INTO `province_city_district` VALUES ('542525', '5425', '革吉县');
INSERT INTO `province_city_district` VALUES ('542526', '5425', '改则县');
INSERT INTO `province_city_district` VALUES ('542527', '5425', '措勤县');
INSERT INTO `province_city_district` VALUES ('542621', '5426', '林芝县');
INSERT INTO `province_city_district` VALUES ('542622', '5426', '工布江达县');
INSERT INTO `province_city_district` VALUES ('542623', '5426', '米林县');
INSERT INTO `province_city_district` VALUES ('542624', '5426', '墨脱县');
INSERT INTO `province_city_district` VALUES ('542625', '5426', '波密县');
INSERT INTO `province_city_district` VALUES ('542626', '5426', '察隅县');
INSERT INTO `province_city_district` VALUES ('542627', '5426', '朗  县');
INSERT INTO `province_city_district` VALUES ('610101', '6101', '市辖区');
INSERT INTO `province_city_district` VALUES ('610102', '6101', '新城区');
INSERT INTO `province_city_district` VALUES ('610103', '6101', '碑林区');
INSERT INTO `province_city_district` VALUES ('610104', '6101', '莲湖区');
INSERT INTO `province_city_district` VALUES ('610111', '6101', '灞桥区');
INSERT INTO `province_city_district` VALUES ('610112', '6101', '未央区');
INSERT INTO `province_city_district` VALUES ('610113', '6101', '雁塔区');
INSERT INTO `province_city_district` VALUES ('610114', '6101', '阎良区');
INSERT INTO `province_city_district` VALUES ('610115', '6101', '临潼区');
INSERT INTO `province_city_district` VALUES ('610121', '6101', '长安县');
INSERT INTO `province_city_district` VALUES ('610122', '6101', '蓝田县');
INSERT INTO `province_city_district` VALUES ('610124', '6101', '周至县');
INSERT INTO `province_city_district` VALUES ('610125', '6101', '户  县');
INSERT INTO `province_city_district` VALUES ('610126', '6101', '高陵县');
INSERT INTO `province_city_district` VALUES ('610201', '6102', '市辖区');
INSERT INTO `province_city_district` VALUES ('610202', '6102', '王益区');
INSERT INTO `province_city_district` VALUES ('610203', '6102', '印台区');
INSERT INTO `province_city_district` VALUES ('610221', '6102', '耀  县');
INSERT INTO `province_city_district` VALUES ('610222', '6102', '宜君县');
INSERT INTO `province_city_district` VALUES ('610301', '6103', '市辖区');
INSERT INTO `province_city_district` VALUES ('610302', '6103', '渭滨区');
INSERT INTO `province_city_district` VALUES ('610303', '6103', '金台区');
INSERT INTO `province_city_district` VALUES ('610321', '6103', '宝鸡县');
INSERT INTO `province_city_district` VALUES ('610322', '6103', '凤翔县');
INSERT INTO `province_city_district` VALUES ('610323', '6103', '岐山县');
INSERT INTO `province_city_district` VALUES ('610324', '6103', '扶风县');
INSERT INTO `province_city_district` VALUES ('610326', '6103', '眉  县');
INSERT INTO `province_city_district` VALUES ('610327', '6103', '陇  县');
INSERT INTO `province_city_district` VALUES ('610328', '6103', '千阳县');
INSERT INTO `province_city_district` VALUES ('610329', '6103', '麟游县');
INSERT INTO `province_city_district` VALUES ('610330', '6103', '凤  县');
INSERT INTO `province_city_district` VALUES ('610331', '6103', '太白县');
INSERT INTO `province_city_district` VALUES ('610401', '6104', '市辖区');
INSERT INTO `province_city_district` VALUES ('610402', '6104', '秦都区');
INSERT INTO `province_city_district` VALUES ('610403', '6104', '杨陵区');
INSERT INTO `province_city_district` VALUES ('610404', '6104', '渭城区');
INSERT INTO `province_city_district` VALUES ('610422', '6104', '三原县');
INSERT INTO `province_city_district` VALUES ('610423', '6104', '泾阳县');
INSERT INTO `province_city_district` VALUES ('610424', '6104', '乾  县');
INSERT INTO `province_city_district` VALUES ('610425', '6104', '礼泉县');
INSERT INTO `province_city_district` VALUES ('610426', '6104', '永寿县');
INSERT INTO `province_city_district` VALUES ('610427', '6104', '彬  县');
INSERT INTO `province_city_district` VALUES ('610428', '6104', '长武县');
INSERT INTO `province_city_district` VALUES ('610429', '6104', '旬邑县');
INSERT INTO `province_city_district` VALUES ('610430', '6104', '淳化县');
INSERT INTO `province_city_district` VALUES ('610431', '6104', '武功县');
INSERT INTO `province_city_district` VALUES ('610481', '6104', '兴平市');
INSERT INTO `province_city_district` VALUES ('610501', '6105', '市辖区');
INSERT INTO `province_city_district` VALUES ('610502', '6105', '临渭区');
INSERT INTO `province_city_district` VALUES ('610521', '6105', '华  县');
INSERT INTO `province_city_district` VALUES ('610522', '6105', '潼关县');
INSERT INTO `province_city_district` VALUES ('610523', '6105', '大荔县');
INSERT INTO `province_city_district` VALUES ('610524', '6105', '合阳县');
INSERT INTO `province_city_district` VALUES ('610525', '6105', '澄城县');
INSERT INTO `province_city_district` VALUES ('610526', '6105', '蒲城县');
INSERT INTO `province_city_district` VALUES ('610527', '6105', '白水县');
INSERT INTO `province_city_district` VALUES ('610528', '6105', '富平县');
INSERT INTO `province_city_district` VALUES ('610581', '6105', '韩城市');
INSERT INTO `province_city_district` VALUES ('610582', '6105', '华阴市');
INSERT INTO `province_city_district` VALUES ('610601', '6106', '市辖区');
INSERT INTO `province_city_district` VALUES ('610602', '6106', '宝塔区');
INSERT INTO `province_city_district` VALUES ('610621', '6106', '延长县');
INSERT INTO `province_city_district` VALUES ('610622', '6106', '延川县');
INSERT INTO `province_city_district` VALUES ('610623', '6106', '子长县');
INSERT INTO `province_city_district` VALUES ('610624', '6106', '安塞县');
INSERT INTO `province_city_district` VALUES ('610625', '6106', '志丹县');
INSERT INTO `province_city_district` VALUES ('610626', '6106', '吴旗县');
INSERT INTO `province_city_district` VALUES ('610627', '6106', '甘泉县');
INSERT INTO `province_city_district` VALUES ('610628', '6106', '富  县');
INSERT INTO `province_city_district` VALUES ('610629', '6106', '洛川县');
INSERT INTO `province_city_district` VALUES ('610630', '6106', '宜川县');
INSERT INTO `province_city_district` VALUES ('610631', '6106', '黄龙县');
INSERT INTO `province_city_district` VALUES ('610632', '6106', '黄陵县');
INSERT INTO `province_city_district` VALUES ('610701', '6107', '市辖区');
INSERT INTO `province_city_district` VALUES ('610702', '6107', '汉台区');
INSERT INTO `province_city_district` VALUES ('610721', '6107', '南郑县');
INSERT INTO `province_city_district` VALUES ('610722', '6107', '城固县');
INSERT INTO `province_city_district` VALUES ('610723', '6107', '洋  县');
INSERT INTO `province_city_district` VALUES ('610724', '6107', '西乡县');
INSERT INTO `province_city_district` VALUES ('610725', '6107', '勉  县');
INSERT INTO `province_city_district` VALUES ('610726', '6107', '宁强县');
INSERT INTO `province_city_district` VALUES ('610727', '6107', '略阳县');
INSERT INTO `province_city_district` VALUES ('610728', '6107', '镇巴县');
INSERT INTO `province_city_district` VALUES ('610729', '6107', '留坝县');
INSERT INTO `province_city_district` VALUES ('610730', '6107', '佛坪县');
INSERT INTO `province_city_district` VALUES ('610801', '6108', '市辖区');
INSERT INTO `province_city_district` VALUES ('610802', '6108', '榆阳区');
INSERT INTO `province_city_district` VALUES ('610821', '6108', '神木县');
INSERT INTO `province_city_district` VALUES ('610822', '6108', '府谷县');
INSERT INTO `province_city_district` VALUES ('610823', '6108', '横山县');
INSERT INTO `province_city_district` VALUES ('610824', '6108', '靖边县');
INSERT INTO `province_city_district` VALUES ('610825', '6108', '定边县');
INSERT INTO `province_city_district` VALUES ('610826', '6108', '绥德县');
INSERT INTO `province_city_district` VALUES ('610827', '6108', '米脂县');
INSERT INTO `province_city_district` VALUES ('610828', '6108', '佳  县');
INSERT INTO `province_city_district` VALUES ('610829', '6108', '吴堡县');
INSERT INTO `province_city_district` VALUES ('610830', '6108', '清涧县');
INSERT INTO `province_city_district` VALUES ('610831', '6108', '子洲县');
INSERT INTO `province_city_district` VALUES ('610901', '6109', '市辖区');
INSERT INTO `province_city_district` VALUES ('610902', '6109', '汉滨区');
INSERT INTO `province_city_district` VALUES ('610921', '6109', '汉阴县');
INSERT INTO `province_city_district` VALUES ('610922', '6109', '石泉县');
INSERT INTO `province_city_district` VALUES ('610923', '6109', '宁陕县');
INSERT INTO `province_city_district` VALUES ('610924', '6109', '紫阳县');
INSERT INTO `province_city_district` VALUES ('610925', '6109', '岚皋县');
INSERT INTO `province_city_district` VALUES ('610926', '6109', '平利县');
INSERT INTO `province_city_district` VALUES ('610927', '6109', '镇坪县');
INSERT INTO `province_city_district` VALUES ('610928', '6109', '旬阳县');
INSERT INTO `province_city_district` VALUES ('610929', '6109', '白河县');
INSERT INTO `province_city_district` VALUES ('612501', '6125', '商州市');
INSERT INTO `province_city_district` VALUES ('612522', '6125', '洛南县');
INSERT INTO `province_city_district` VALUES ('612523', '6125', '丹凤县');
INSERT INTO `province_city_district` VALUES ('612524', '6125', '商南县');
INSERT INTO `province_city_district` VALUES ('612525', '6125', '山阳县');
INSERT INTO `province_city_district` VALUES ('612526', '6125', '镇安县');
INSERT INTO `province_city_district` VALUES ('612527', '6125', '柞水县');
INSERT INTO `province_city_district` VALUES ('620101', '6201', '市辖区');
INSERT INTO `province_city_district` VALUES ('620102', '6201', '城关区');
INSERT INTO `province_city_district` VALUES ('620103', '6201', '七里河区');
INSERT INTO `province_city_district` VALUES ('620104', '6201', '西固区');
INSERT INTO `province_city_district` VALUES ('620105', '6201', '安宁区');
INSERT INTO `province_city_district` VALUES ('620111', '6201', '红古区');
INSERT INTO `province_city_district` VALUES ('620121', '6201', '永登县');
INSERT INTO `province_city_district` VALUES ('620122', '6201', '皋兰县');
INSERT INTO `province_city_district` VALUES ('620123', '6201', '榆中县');
INSERT INTO `province_city_district` VALUES ('620201', '6202', '市辖区');
INSERT INTO `province_city_district` VALUES ('620301', '6203', '市辖区');
INSERT INTO `province_city_district` VALUES ('620302', '6203', '金川区');
INSERT INTO `province_city_district` VALUES ('620321', '6203', '永昌县');
INSERT INTO `province_city_district` VALUES ('620401', '6204', '市辖区');
INSERT INTO `province_city_district` VALUES ('620402', '6204', '白银区');
INSERT INTO `province_city_district` VALUES ('620403', '6204', '平川区');
INSERT INTO `province_city_district` VALUES ('620421', '6204', '靖远县');
INSERT INTO `province_city_district` VALUES ('620422', '6204', '会宁县');
INSERT INTO `province_city_district` VALUES ('620423', '6204', '景泰县');
INSERT INTO `province_city_district` VALUES ('620501', '6205', '市辖区');
INSERT INTO `province_city_district` VALUES ('620502', '6205', '秦城区');
INSERT INTO `province_city_district` VALUES ('620503', '6205', '北道区');
INSERT INTO `province_city_district` VALUES ('620521', '6205', '清水县');
INSERT INTO `province_city_district` VALUES ('620522', '6205', '秦安县');
INSERT INTO `province_city_district` VALUES ('620523', '6205', '甘谷县');
INSERT INTO `province_city_district` VALUES ('620524', '6205', '武山县');
INSERT INTO `province_city_district` VALUES ('620525', '6205', '张家川回族自治县');
INSERT INTO `province_city_district` VALUES ('622101', '6221', '玉门市');
INSERT INTO `province_city_district` VALUES ('622102', '6221', '酒泉市');
INSERT INTO `province_city_district` VALUES ('622103', '6221', '敦煌市');
INSERT INTO `province_city_district` VALUES ('622123', '6221', '金塔县');
INSERT INTO `province_city_district` VALUES ('622124', '6221', '肃北蒙古族自治县');
INSERT INTO `province_city_district` VALUES ('622125', '6221', '阿克塞哈萨克族自治县');
INSERT INTO `province_city_district` VALUES ('622126', '6221', '安西县');
INSERT INTO `province_city_district` VALUES ('622201', '6222', '张掖市');
INSERT INTO `province_city_district` VALUES ('622222', '6222', '肃南裕固族自治县');
INSERT INTO `province_city_district` VALUES ('622223', '6222', '民乐县');
INSERT INTO `province_city_district` VALUES ('622224', '6222', '临泽县');
INSERT INTO `province_city_district` VALUES ('622225', '6222', '高台县');
INSERT INTO `province_city_district` VALUES ('622226', '6222', '山丹县');
INSERT INTO `province_city_district` VALUES ('622301', '6223', '武威市');
INSERT INTO `province_city_district` VALUES ('622322', '6223', '民勤县');
INSERT INTO `province_city_district` VALUES ('622323', '6223', '古浪县');
INSERT INTO `province_city_district` VALUES ('622326', '6223', '天祝藏族自治县');
INSERT INTO `province_city_district` VALUES ('622421', '6224', '定西县');
INSERT INTO `province_city_district` VALUES ('622424', '6224', '通渭县');
INSERT INTO `province_city_district` VALUES ('622425', '6224', '陇西县');
INSERT INTO `province_city_district` VALUES ('622426', '6224', '渭源县');
INSERT INTO `province_city_district` VALUES ('622427', '6224', '临洮县');
INSERT INTO `province_city_district` VALUES ('622428', '6224', '漳  县');
INSERT INTO `province_city_district` VALUES ('622429', '6224', '岷  县');
INSERT INTO `province_city_district` VALUES ('622621', '6226', '武都县');
INSERT INTO `province_city_district` VALUES ('622623', '6226', '宕昌县');
INSERT INTO `province_city_district` VALUES ('622624', '6226', '成  县');
INSERT INTO `province_city_district` VALUES ('622625', '6226', '康  县');
INSERT INTO `province_city_district` VALUES ('622626', '6226', '文  县');
INSERT INTO `province_city_district` VALUES ('622627', '6226', '西和县');
INSERT INTO `province_city_district` VALUES ('622628', '6226', '礼  县');
INSERT INTO `province_city_district` VALUES ('622629', '6226', '两当县');
INSERT INTO `province_city_district` VALUES ('622630', '6226', '徽  县');
INSERT INTO `province_city_district` VALUES ('622701', '6227', '平凉市');
INSERT INTO `province_city_district` VALUES ('622722', '6227', '泾川县');
INSERT INTO `province_city_district` VALUES ('622723', '6227', '灵台县');
INSERT INTO `province_city_district` VALUES ('622724', '6227', '崇信县');
INSERT INTO `province_city_district` VALUES ('622725', '6227', '华亭县');
INSERT INTO `province_city_district` VALUES ('622726', '6227', '庄浪县');
INSERT INTO `province_city_district` VALUES ('622727', '6227', '静宁县');
INSERT INTO `province_city_district` VALUES ('622801', '6228', '西峰市');
INSERT INTO `province_city_district` VALUES ('622821', '6228', '庆阳县');
INSERT INTO `province_city_district` VALUES ('622822', '6228', '环  县');
INSERT INTO `province_city_district` VALUES ('622823', '6228', '华池县');
INSERT INTO `province_city_district` VALUES ('622824', '6228', '合水县');
INSERT INTO `province_city_district` VALUES ('622825', '6228', '正宁县');
INSERT INTO `province_city_district` VALUES ('622826', '6228', '宁  县');
INSERT INTO `province_city_district` VALUES ('622827', '6228', '镇原县');
INSERT INTO `province_city_district` VALUES ('622901', '6229', '临夏市');
INSERT INTO `province_city_district` VALUES ('622921', '6229', '临夏县');
INSERT INTO `province_city_district` VALUES ('622922', '6229', '康乐县');
INSERT INTO `province_city_district` VALUES ('622923', '6229', '永靖县');
INSERT INTO `province_city_district` VALUES ('622924', '6229', '广河县');
INSERT INTO `province_city_district` VALUES ('622925', '6229', '和政县');
INSERT INTO `province_city_district` VALUES ('622926', '6229', '东乡族自治县');
INSERT INTO `province_city_district` VALUES ('622927', '6229', '积石山保安族东乡族撒');
INSERT INTO `province_city_district` VALUES ('623001', '6230', '合作市');
INSERT INTO `province_city_district` VALUES ('623021', '6230', '临潭县');
INSERT INTO `province_city_district` VALUES ('623022', '6230', '卓尼县');
INSERT INTO `province_city_district` VALUES ('623023', '6230', '舟曲县');
INSERT INTO `province_city_district` VALUES ('623024', '6230', '迭部县');
INSERT INTO `province_city_district` VALUES ('623025', '6230', '玛曲县');
INSERT INTO `province_city_district` VALUES ('623026', '6230', '碌曲县');
INSERT INTO `province_city_district` VALUES ('623027', '6230', '夏河县');
INSERT INTO `province_city_district` VALUES ('630101', '6301', '市辖区');
INSERT INTO `province_city_district` VALUES ('630102', '6301', '城东区');
INSERT INTO `province_city_district` VALUES ('630103', '6301', '城中区');
INSERT INTO `province_city_district` VALUES ('630104', '6301', '城西区');
INSERT INTO `province_city_district` VALUES ('630105', '6301', '城北区');
INSERT INTO `province_city_district` VALUES ('630121', '6301', '大通回族土族自治县');
INSERT INTO `province_city_district` VALUES ('630122', '6301', '湟中县');
INSERT INTO `province_city_district` VALUES ('630123', '6301', '湟源县');
INSERT INTO `province_city_district` VALUES ('632121', '6321', '平安县');
INSERT INTO `province_city_district` VALUES ('632122', '6321', '民和回族土族自治县');
INSERT INTO `province_city_district` VALUES ('632123', '6321', '乐都县');
INSERT INTO `province_city_district` VALUES ('632126', '6321', '互助土族自治县');
INSERT INTO `province_city_district` VALUES ('632127', '6321', '化隆回族自治县');
INSERT INTO `province_city_district` VALUES ('632128', '6321', '循化撒拉族自治县');
INSERT INTO `province_city_district` VALUES ('632221', '6322', '门源回族自治县');
INSERT INTO `province_city_district` VALUES ('632222', '6322', '祁连县');
INSERT INTO `province_city_district` VALUES ('632223', '6322', '海晏县');
INSERT INTO `province_city_district` VALUES ('632224', '6322', '刚察县');
INSERT INTO `province_city_district` VALUES ('632321', '6323', '同仁县');
INSERT INTO `province_city_district` VALUES ('632322', '6323', '尖扎县');
INSERT INTO `province_city_district` VALUES ('632323', '6323', '泽库县');
INSERT INTO `province_city_district` VALUES ('632324', '6323', '河南蒙古族自治县');
INSERT INTO `province_city_district` VALUES ('632521', '6325', '共和县');
INSERT INTO `province_city_district` VALUES ('632522', '6325', '同德县');
INSERT INTO `province_city_district` VALUES ('632523', '6325', '贵德县');
INSERT INTO `province_city_district` VALUES ('632524', '6325', '兴海县');
INSERT INTO `province_city_district` VALUES ('632525', '6325', '贵南县');
INSERT INTO `province_city_district` VALUES ('632621', '6326', '玛沁县');
INSERT INTO `province_city_district` VALUES ('632622', '6326', '班玛县');
INSERT INTO `province_city_district` VALUES ('632623', '6326', '甘德县');
INSERT INTO `province_city_district` VALUES ('632624', '6326', '达日县');
INSERT INTO `province_city_district` VALUES ('632625', '6326', '久治县');
INSERT INTO `province_city_district` VALUES ('632626', '6326', '玛多县');
INSERT INTO `province_city_district` VALUES ('632721', '6327', '玉树县');
INSERT INTO `province_city_district` VALUES ('632722', '6327', '杂多县');
INSERT INTO `province_city_district` VALUES ('632723', '6327', '称多县');
INSERT INTO `province_city_district` VALUES ('632724', '6327', '治多县');
INSERT INTO `province_city_district` VALUES ('632725', '6327', '囊谦县');
INSERT INTO `province_city_district` VALUES ('632726', '6327', '曲麻莱县');
INSERT INTO `province_city_district` VALUES ('632801', '6328', '格尔木市');
INSERT INTO `province_city_district` VALUES ('632802', '6328', '德令哈市');
INSERT INTO `province_city_district` VALUES ('632821', '6328', '乌兰县');
INSERT INTO `province_city_district` VALUES ('632822', '6328', '都兰县');
INSERT INTO `province_city_district` VALUES ('632823', '6328', '天峻县');
INSERT INTO `province_city_district` VALUES ('640101', '6401', '市辖区');
INSERT INTO `province_city_district` VALUES ('640102', '6401', '城  区');
INSERT INTO `province_city_district` VALUES ('640103', '6401', '新城区');
INSERT INTO `province_city_district` VALUES ('640111', '6401', '郊  区');
INSERT INTO `province_city_district` VALUES ('640121', '6401', '永宁县');
INSERT INTO `province_city_district` VALUES ('640122', '6401', '贺兰县');
INSERT INTO `province_city_district` VALUES ('640201', '6402', '市辖区');
INSERT INTO `province_city_district` VALUES ('640202', '6402', '大武口区');
INSERT INTO `province_city_district` VALUES ('640203', '6402', '石嘴山区');
INSERT INTO `province_city_district` VALUES ('640204', '6402', '石炭井区');
INSERT INTO `province_city_district` VALUES ('640221', '6402', '平罗县');
INSERT INTO `province_city_district` VALUES ('640222', '6402', '陶乐县');
INSERT INTO `province_city_district` VALUES ('640223', '6402', '惠农县');
INSERT INTO `province_city_district` VALUES ('640301', '6403', '市辖区');
INSERT INTO `province_city_district` VALUES ('640302', '6403', '利通区');
INSERT INTO `province_city_district` VALUES ('640321', '6403', '中卫县');
INSERT INTO `province_city_district` VALUES ('640322', '6403', '中宁县');
INSERT INTO `province_city_district` VALUES ('640323', '6403', '盐池县');
INSERT INTO `province_city_district` VALUES ('640324', '6403', '同心县');
INSERT INTO `province_city_district` VALUES ('640381', '6403', '青铜峡市');
INSERT INTO `province_city_district` VALUES ('640382', '6403', '灵武市');
INSERT INTO `province_city_district` VALUES ('642221', '6422', '固原县');
INSERT INTO `province_city_district` VALUES ('642222', '6422', '海原县');
INSERT INTO `province_city_district` VALUES ('642223', '6422', '西吉县');
INSERT INTO `province_city_district` VALUES ('642224', '6422', '隆德县');
INSERT INTO `province_city_district` VALUES ('642225', '6422', '泾源县');
INSERT INTO `province_city_district` VALUES ('642226', '6422', '彭阳县');
INSERT INTO `province_city_district` VALUES ('650101', '6501', '市辖区');
INSERT INTO `province_city_district` VALUES ('650102', '6501', '天山区');
INSERT INTO `province_city_district` VALUES ('650103', '6501', '沙依巴克区');
INSERT INTO `province_city_district` VALUES ('650104', '6501', '新市区');
INSERT INTO `province_city_district` VALUES ('650105', '6501', '水磨沟区');
INSERT INTO `province_city_district` VALUES ('650106', '6501', '头屯河区');
INSERT INTO `province_city_district` VALUES ('650107', '6501', '南泉区');
INSERT INTO `province_city_district` VALUES ('650108', '6501', '东山区');
INSERT INTO `province_city_district` VALUES ('650121', '6501', '乌鲁木齐县');
INSERT INTO `province_city_district` VALUES ('650201', '6502', '市辖区');
INSERT INTO `province_city_district` VALUES ('650202', '6502', '独山子区');
INSERT INTO `province_city_district` VALUES ('650203', '6502', '克拉玛依区');
INSERT INTO `province_city_district` VALUES ('650204', '6502', '白碱滩区');
INSERT INTO `province_city_district` VALUES ('650205', '6502', '乌尔禾区');
INSERT INTO `province_city_district` VALUES ('652101', '6521', '吐鲁番市');
INSERT INTO `province_city_district` VALUES ('652122', '6521', '鄯善县');
INSERT INTO `province_city_district` VALUES ('652123', '6521', '托克逊县');
INSERT INTO `province_city_district` VALUES ('652201', '6522', '哈密市');
INSERT INTO `province_city_district` VALUES ('652222', '6522', '巴里坤哈萨克自治县');
INSERT INTO `province_city_district` VALUES ('652223', '6522', '伊吾县');
INSERT INTO `province_city_district` VALUES ('652301', '6523', '昌吉市');
INSERT INTO `province_city_district` VALUES ('652302', '6523', '阜康市');
INSERT INTO `province_city_district` VALUES ('652303', '6523', '米泉市');
INSERT INTO `province_city_district` VALUES ('652323', '6523', '呼图壁县');
INSERT INTO `province_city_district` VALUES ('652324', '6523', '玛纳斯县');
INSERT INTO `province_city_district` VALUES ('652325', '6523', '奇台县');
INSERT INTO `province_city_district` VALUES ('652327', '6523', '吉木萨尔县');
INSERT INTO `province_city_district` VALUES ('652328', '6523', '木垒哈萨克自治县');
INSERT INTO `province_city_district` VALUES ('652701', '6527', '博乐市');
INSERT INTO `province_city_district` VALUES ('652722', '6527', '精河县');
INSERT INTO `province_city_district` VALUES ('652723', '6527', '温泉县');
INSERT INTO `province_city_district` VALUES ('652801', '6528', '库尔勒市');
INSERT INTO `province_city_district` VALUES ('652822', '6528', '轮台县');
INSERT INTO `province_city_district` VALUES ('652823', '6528', '尉犁县');
INSERT INTO `province_city_district` VALUES ('652824', '6528', '若羌县');
INSERT INTO `province_city_district` VALUES ('652825', '6528', '且末县');
INSERT INTO `province_city_district` VALUES ('652826', '6528', '焉耆回族自治县');
INSERT INTO `province_city_district` VALUES ('652827', '6528', '和静县');
INSERT INTO `province_city_district` VALUES ('652828', '6528', '和硕县');
INSERT INTO `province_city_district` VALUES ('652829', '6528', '博湖县');
INSERT INTO `province_city_district` VALUES ('652901', '6529', '阿克苏市');
INSERT INTO `province_city_district` VALUES ('652922', '6529', '温宿县');
INSERT INTO `province_city_district` VALUES ('652923', '6529', '库车县');
INSERT INTO `province_city_district` VALUES ('652924', '6529', '沙雅县');
INSERT INTO `province_city_district` VALUES ('652925', '6529', '新和县');
INSERT INTO `province_city_district` VALUES ('652926', '6529', '拜城县');
INSERT INTO `province_city_district` VALUES ('652927', '6529', '乌什县');
INSERT INTO `province_city_district` VALUES ('652928', '6529', '阿瓦提县');
INSERT INTO `province_city_district` VALUES ('652929', '6529', '柯坪县');
INSERT INTO `province_city_district` VALUES ('653001', '6530', '阿图什市');
INSERT INTO `province_city_district` VALUES ('653022', '6530', '阿克陶县');
INSERT INTO `province_city_district` VALUES ('653023', '6530', '阿合奇县');
INSERT INTO `province_city_district` VALUES ('653024', '6530', '乌恰县');
INSERT INTO `province_city_district` VALUES ('653101', '6531', '喀什市');
INSERT INTO `province_city_district` VALUES ('653121', '6531', '疏附县');
INSERT INTO `province_city_district` VALUES ('653122', '6531', '疏勒县');
INSERT INTO `province_city_district` VALUES ('653123', '6531', '英吉沙县');
INSERT INTO `province_city_district` VALUES ('653124', '6531', '泽普县');
INSERT INTO `province_city_district` VALUES ('653125', '6531', '莎车县');
INSERT INTO `province_city_district` VALUES ('653126', '6531', '叶城县');
INSERT INTO `province_city_district` VALUES ('653127', '6531', '麦盖提县');
INSERT INTO `province_city_district` VALUES ('653128', '6531', '岳普湖县');
INSERT INTO `province_city_district` VALUES ('653129', '6531', '伽师县');
INSERT INTO `province_city_district` VALUES ('653130', '6531', '巴楚县');
INSERT INTO `province_city_district` VALUES ('653131', '6531', '塔什库尔干塔吉克自治');
INSERT INTO `province_city_district` VALUES ('653201', '6532', '和田市');
INSERT INTO `province_city_district` VALUES ('653221', '6532', '和田县');
INSERT INTO `province_city_district` VALUES ('653222', '6532', '墨玉县');
INSERT INTO `province_city_district` VALUES ('653223', '6532', '皮山县');
INSERT INTO `province_city_district` VALUES ('653224', '6532', '洛浦县');
INSERT INTO `province_city_district` VALUES ('653225', '6532', '策勒县');
INSERT INTO `province_city_district` VALUES ('653226', '6532', '于田县');
INSERT INTO `province_city_district` VALUES ('653227', '6532', '民丰县');
INSERT INTO `province_city_district` VALUES ('654001', '6540', '奎屯市');
INSERT INTO `province_city_district` VALUES ('654101', '6541', '伊宁市');
INSERT INTO `province_city_district` VALUES ('654121', '6541', '伊宁县');
INSERT INTO `province_city_district` VALUES ('654122', '6541', '察布查尔锡伯自治县');
INSERT INTO `province_city_district` VALUES ('654123', '6541', '霍城县');
INSERT INTO `province_city_district` VALUES ('654124', '6541', '巩留县');
INSERT INTO `province_city_district` VALUES ('654125', '6541', '新源县');
INSERT INTO `province_city_district` VALUES ('654126', '6541', '昭苏县');
INSERT INTO `province_city_district` VALUES ('654127', '6541', '特克斯县');
INSERT INTO `province_city_district` VALUES ('654128', '6541', '尼勒克县');
INSERT INTO `province_city_district` VALUES ('654201', '6542', '塔城市');
INSERT INTO `province_city_district` VALUES ('654202', '6542', '乌苏市');
INSERT INTO `province_city_district` VALUES ('654221', '6542', '额敏县');
INSERT INTO `province_city_district` VALUES ('654223', '6542', '沙湾县');
INSERT INTO `province_city_district` VALUES ('654224', '6542', '托里县');
INSERT INTO `province_city_district` VALUES ('654225', '6542', '裕民县');
INSERT INTO `province_city_district` VALUES ('654226', '6542', '和布克赛尔蒙古自治县');
INSERT INTO `province_city_district` VALUES ('654301', '6543', '阿勒泰市');
INSERT INTO `province_city_district` VALUES ('654321', '6543', '布尔津县');
INSERT INTO `province_city_district` VALUES ('654322', '6543', '富蕴县');
INSERT INTO `province_city_district` VALUES ('654323', '6543', '福海县');
INSERT INTO `province_city_district` VALUES ('654324', '6543', '哈巴河县');
INSERT INTO `province_city_district` VALUES ('654325', '6543', '青河县');
INSERT INTO `province_city_district` VALUES ('654326', '6543', '吉木乃县');
INSERT INTO `province_city_district` VALUES ('659001', '6590', '石河子市');
INSERT INTO `province_city_district` VALUES ('710101', '7101', '请选择');
INSERT INTO `province_city_district` VALUES ('710102', '7101', '市辖区');
INSERT INTO `province_city_district` VALUES ('710103', '7101', '台湾省');
INSERT INTO `province_city_district` VALUES ('810101', '8101', '请选择');
INSERT INTO `province_city_district` VALUES ('810102', '8101', '市辖区');
INSERT INTO `province_city_district` VALUES ('810103', '8101', '香港特区');
INSERT INTO `province_city_district` VALUES ('910101', '9101', '请选择');
INSERT INTO `province_city_district` VALUES ('910102', '9101', '市辖区');
INSERT INTO `province_city_district` VALUES ('910103', '9101', '澳门特区');

-- ----------------------------
-- Table structure for receive_information
-- ----------------------------
DROP TABLE IF EXISTS `receive_information`;
CREATE TABLE `receive_information` (
  `id` int(10) NOT NULL AUTO_INCREMENT COMMENT '收货地址id主键',
  `user` int(10) NOT NULL COMMENT '用户id',
  `phone` varchar(11) COLLATE utf8_bin DEFAULT NULL COMMENT '电话',
  `address` varchar(100) COLLATE utf8_bin DEFAULT NULL COMMENT '地址',
  `receiver` varchar(20) COLLATE utf8_bin DEFAULT NULL COMMENT '收货人',
  `is_default` int(1) DEFAULT '0' COMMENT '默认',
  PRIMARY KEY (`id`,`user`)
) ENGINE=InnoDB AUTO_INCREMENT=24 DEFAULT CHARSET=utf8 COLLATE=utf8_bin ROW_FORMAT=COMPACT;

-- ----------------------------
-- Records of receive_information
-- ----------------------------
INSERT INTO `receive_information` VALUES ('6', '30', '11111', '', 'qq头像', '0');
INSERT INTO `receive_information` VALUES ('8', '30', '22222', '', '请求', '0');
INSERT INTO `receive_information` VALUES ('9', '30', '17855830787', '内蒙古|呼和浩特|新城区|和健康良好撒', '渠海龙', '0');
INSERT INTO `receive_information` VALUES ('10', '30', '121212', '山西|大同|南郊区|湿哒哒实打实 阿斯蒂芬ad啊', '问问', '0');
INSERT INTO `receive_information` VALUES ('11', '30', '11', '13|1302|111', '111', '0');
INSERT INTO `receive_information` VALUES ('13', '30', '111111', '天津|天津市辖|22222', '暗室逢灯 ', '1');
INSERT INTO `receive_information` VALUES ('19', '34', '112121212', '北京|北京市辖|东城区|454646444646', '哦哦哦', '0');
INSERT INTO `receive_information` VALUES ('20', '34', '11111', '山西|阳泉|矿  区|1212', '1121212', '0');
INSERT INTO `receive_information` VALUES ('21', '34', '1134564444', '北京|北京市辖|西城区|和空间和奥迪国际ad金卡', '王某某', '0');
INSERT INTO `receive_information` VALUES ('22', '34', '11212121', '河北|唐山|路南区|哈哈数据库的按计划', '张欢欢', '0');
INSERT INTO `receive_information` VALUES ('23', '34', '45455', '江西|景德镇|市辖区|士大夫垃圾回收的即可很快就 ', '去哈哈哈', '0');

-- ----------------------------
-- Table structure for user
-- ----------------------------
DROP TABLE IF EXISTS `user`;
CREATE TABLE `user` (
  `id` int(10) NOT NULL AUTO_INCREMENT COMMENT '用户id主键',
  `user_name` varchar(20) COLLATE utf8_bin DEFAULT NULL COMMENT '用户名',
  `password` varchar(50) COLLATE utf8_bin NOT NULL COMMENT '密码',
  `real_name` varchar(20) COLLATE utf8_bin DEFAULT NULL COMMENT '真实姓名',
  `sex` varchar(2) COLLATE utf8_bin DEFAULT NULL COMMENT '性别',
  `id_number` varchar(18) COLLATE utf8_bin DEFAULT NULL COMMENT '身份证号',
  `date_of_birth` date DEFAULT NULL COMMENT '出生日期',
  `date_of_registration` datetime DEFAULT NULL COMMENT '注册时间',
  `phone` varchar(11) COLLATE utf8_bin DEFAULT NULL COMMENT '电话号码',
  `city` varchar(14) COLLATE utf8_bin DEFAULT NULL COMMENT '城市',
  `img_path` varchar(30) COLLATE utf8_bin DEFAULT NULL,
  `email` varchar(50) COLLATE utf8_bin DEFAULT NULL COMMENT '电子邮箱',
  PRIMARY KEY (`id`)
) ENGINE=InnoDB AUTO_INCREMENT=36 DEFAULT CHARSET=utf8 COLLATE=utf8_bin;

-- ----------------------------
-- Records of user
-- ----------------------------
INSERT INTO `user` VALUES ('30', '17855830787', 'e10adc3949ba59abbe56e057f20f883e', '', '1', '', '2017-10-22', '2017-09-22 09:22:40', '17855830787', '', '', '');
INSERT INTO `user` VALUES ('34', '13754113543', 'e10adc3949ba59abbe56e057f20f883e', null, null, null, null, '2017-12-29 04:48:33', '13754113543', null, null, null);
INSERT INTO `user` VALUES ('35', '1324459373', 'e10adc3949ba59abbe56e057f20f883e', null, null, null, null, '2017-12-29 07:17:59', '1324459373', null, null, null);

-- ----------------------------
-- Table structure for user_account
-- ----------------------------
DROP TABLE IF EXISTS `user_account`;
CREATE TABLE `user_account` (
  `id` int(10) NOT NULL,
  `user_id` int(10) NOT NULL,
  `remaining_sum` float NOT NULL DEFAULT '0' COMMENT '余额',
  PRIMARY KEY (`id`,`user_id`)
) ENGINE=InnoDB DEFAULT CHARSET=utf8 COLLATE=utf8_bin;

-- ----------------------------
-- Records of user_account
-- ----------------------------

-- ----------------------------
-- Procedure structure for aa
-- ----------------------------
DROP PROCEDURE IF EXISTS `aa`;
DELIMITER ;;
CREATE DEFINER=`root`@`localhost` PROCEDURE `aa`(IN `stype` int , IN `category_type` int)
BEGIN
 set @stype = stype;
 set @category_type = category_type;
 set @daysql = "SELECT count(*) count, DATE_FORMAT(launch_date_raising,'%Y-%m-%d') sdate from project p WHERE 1=1 ";
 set @hoursql = "SELECT count(*) count, DATE_FORMAT(launch_date_raising,'%H') shour from project p WHERE p.launch_date_raising >=(SELECT curdate()) and p.launch_date_raising <(SELECT date_sub(curdate(),interval +1 month))";
 set @stmt = '';
 IF(stype<>'')
		THEN
				IF(stype=1)
                THEN 
										set @stmt = @daysql;
										IF(category_type<>'')
											THEN 
													set @stmt = CONCAT(@daysql,' and p.category_id=''',@category_type,'''');
										END IF;
										set @stmt = CONCAT(@stmt,' GROUP BY sdate ORDER BY sdate');
				END IF;
				IF(stype=2)
								THEN 
										set @stmt = @hoursql;
										IF(category_type<>'')
											THEN 
												 set @stmt = CONCAT(@daysql,' and p.category_id=''',@category_type,'''');
										END IF;
									 set @stmt = CONCAT(@stmt,' GROUP BY shour ORDER BY shour');
				END IF;
END IF;


prepare stmt from @stmt;/**预编译SQL**/
EXECUTE stmt;/**执行SQL**/
	
END
;;
DELIMITER ;
